-- phpMyAdmin SQL Dump
-- version 4.8.0
-- https://www.phpmyadmin.net/
--
-- Host: 127.0.0.1
-- Generation Time: Sep 27, 2018 at 02:04 PM
-- Server version: 10.1.31-MariaDB
-- PHP Version: 7.2.4

SET SQL_MODE = "NO_AUTO_VALUE_ON_ZERO";
SET AUTOCOMMIT = 0;
START TRANSACTION;
SET time_zone = "+00:00";


/*!40101 SET @OLD_CHARACTER_SET_CLIENT=@@CHARACTER_SET_CLIENT */;
/*!40101 SET @OLD_CHARACTER_SET_RESULTS=@@CHARACTER_SET_RESULTS */;
/*!40101 SET @OLD_COLLATION_CONNECTION=@@COLLATION_CONNECTION */;
/*!40101 SET NAMES utf8mb4 */;

--
-- Database: `larasocial`
--

-- --------------------------------------------------------

--
-- Table structure for table `activities`
--

CREATE TABLE `activities` (
  `id` int(10) UNSIGNED NOT NULL,
  `post_id` int(10) UNSIGNED DEFAULT NULL,
  `type` enum('react','comment','post','share','pp','cp') COLLATE utf8mb4_unicode_ci NOT NULL,
  `user_id` int(10) UNSIGNED DEFAULT NULL,
  `created_at` timestamp NULL DEFAULT NULL,
  `updated_at` timestamp NULL DEFAULT NULL
) ENGINE=InnoDB DEFAULT CHARSET=utf8mb4 COLLATE=utf8mb4_unicode_ci;

--
-- Dumping data for table `activities`
--

INSERT INTO `activities` (`id`, `post_id`, `type`, `user_id`, `created_at`, `updated_at`) VALUES
(77, 319, 'post', 1, '2018-09-27 05:26:11', '2018-09-27 05:26:11'),
(78, 320, 'post', 1, '2018-09-27 05:26:22', '2018-09-27 05:26:22'),
(79, 318, 'react', 1, '2018-09-27 05:26:30', '2018-09-27 05:26:30'),
(80, 320, 'comment', 1, '2018-09-27 05:26:40', '2018-09-27 05:26:40'),
(81, 321, 'post', 1, '2018-09-24 05:56:40', '2018-09-24 05:56:40'),
(82, 320, 'react', 1, '2018-09-24 05:56:57', '2018-09-24 05:56:57'),
(83, 317, 'comment', 1, '2018-09-24 05:57:13', '2018-09-24 05:57:13'),
(84, 320, 'comment', 1, '2018-09-24 05:57:25', '2018-09-24 05:57:25'),
(85, 322, 'post', 11, '2018-09-27 06:29:32', '2018-09-27 06:29:32'),
(86, 319, 'react', 11, '2018-09-27 06:31:30', '2018-09-27 06:31:30'),
(87, 317, 'react', 11, '2018-09-27 06:32:14', '2018-09-27 06:32:14'),
(88, 323, 'post', 10, '2018-09-27 06:50:45', '2018-09-27 06:50:45'),
(89, 323, 'comment', 1, '2018-09-27 07:26:26', '2018-09-27 07:26:26'),
(90, 323, 'react', 1, '2018-09-27 07:26:31', '2018-09-27 07:26:31'),
(91, 324, 'post', 7, '2018-09-27 07:44:20', '2018-09-27 07:44:20'),
(92, 323, 'comment', 1, '2018-09-27 07:46:54', '2018-09-27 07:46:54'),
(93, 323, 'comment', 11, '2018-09-27 07:48:28', '2018-09-27 07:48:28'),
(94, 325, 'post', 40, '2018-09-27 07:56:20', '2018-09-27 07:56:20'),
(95, 325, 'react', 40, '2018-09-27 07:58:05', '2018-09-27 07:58:05'),
(96, 325, 'react', 1, '2018-09-27 08:00:52', '2018-09-27 08:00:52'),
(97, 325, 'comment', 40, '2018-09-27 08:01:13', '2018-09-27 08:01:13'),
(98, 325, 'comment', 1, '2018-09-27 08:01:19', '2018-09-27 08:01:19'),
(99, 325, 'react', 1, '2018-09-27 08:01:37', '2018-09-27 08:01:37'),
(100, 325, 'react', 1, '2018-09-27 08:01:40', '2018-09-27 08:01:40'),
(101, 325, 'react', 1, '2018-09-27 08:01:40', '2018-09-27 08:01:40'),
(102, 325, 'react', 1, '2018-09-27 08:01:41', '2018-09-27 08:01:41'),
(103, 326, 'post', 11, '2018-09-27 08:02:05', '2018-09-27 08:02:05'),
(104, 326, 'react', 40, '2018-09-27 08:02:16', '2018-09-27 08:02:16'),
(105, 326, 'react', 40, '2018-09-27 08:02:20', '2018-09-27 08:02:20'),
(106, 327, 'post', 1, '2018-09-27 08:02:26', '2018-09-27 08:02:26'),
(107, 326, 'comment', 1, '2018-09-27 08:03:13', '2018-09-27 08:03:13');

-- --------------------------------------------------------

--
-- Table structure for table `chats`
--

CREATE TABLE `chats` (
  `id` int(10) UNSIGNED NOT NULL,
  `user_id` int(10) UNSIGNED DEFAULT NULL,
  `friends_id` int(10) UNSIGNED DEFAULT NULL,
  `message` text COLLATE utf8mb4_unicode_ci NOT NULL,
  `imagename` varchar(191) COLLATE utf8mb4_unicode_ci DEFAULT NULL,
  `read` tinyint(1) NOT NULL DEFAULT '0',
  `deleted` tinyint(1) NOT NULL DEFAULT '0',
  `created_at` timestamp NULL DEFAULT NULL,
  `updated_at` timestamp NULL DEFAULT NULL
) ENGINE=InnoDB DEFAULT CHARSET=utf8mb4 COLLATE=utf8mb4_unicode_ci;

--
-- Dumping data for table `chats`
--

INSERT INTO `chats` (`id`, `user_id`, `friends_id`, `message`, `imagename`, `read`, `deleted`, `created_at`, `updated_at`) VALUES
(1, 1, 10, 'hi', NULL, 0, 0, '2018-09-24 00:51:10', '2018-09-24 00:51:10'),
(2, 11, 1, 'hello', NULL, 0, 0, '2018-09-24 01:10:11', '2018-09-24 01:10:11'),
(3, 11, 1, 'hello', NULL, 0, 0, '2018-09-24 01:10:15', '2018-09-24 01:10:15'),
(6, 11, 1, 'hi', NULL, 0, 0, '2018-09-24 01:25:02', '2018-09-24 01:25:02'),
(7, 1, 2, 'message from admin', NULL, 0, 0, '2018-09-24 01:25:15', '2018-09-24 01:25:15'),
(8, 11, 7, 'sajib', NULL, 0, 0, '2018-09-24 01:25:22', '2018-09-24 01:25:22'),
(9, 1, 11, 'hello', NULL, 0, 0, '2018-09-24 01:25:40', '2018-09-24 01:25:40'),
(10, 10, 1, 'hello', NULL, 0, 0, '2018-09-24 01:25:57', '2018-09-24 01:25:57'),
(11, 12, 1, 'hello', NULL, 0, 0, '2018-09-24 01:25:57', '2018-09-24 01:25:57'),
(12, 11, 1, 'We can  do this', NULL, 0, 0, '2018-09-24 01:25:59', '2018-09-24 01:25:59'),
(14, 3, 1, 'hi', NULL, 0, 0, '2018-09-24 01:30:09', '2018-09-24 01:30:09'),
(15, 1, 3, 'hello', NULL, 0, 0, '2018-09-24 01:30:49', '2018-09-24 01:30:49'),
(16, 11, 26, 'vi ki koren??', NULL, 0, 0, '2018-09-24 01:31:39', '2018-09-24 01:31:39'),
(17, 30, 11, 'hi', NULL, 0, 0, '2018-09-24 01:32:01', '2018-09-24 01:32:01'),
(18, 12, 11, 'ghjgjghjhgj', NULL, 0, 0, '2018-09-24 01:32:14', '2018-09-24 01:32:14'),
(19, 12, 11, 'ghjgjghjhgj', NULL, 0, 0, '2018-09-24 01:32:15', '2018-09-24 01:32:15'),
(20, 11, 26, 'ki koren vi?', NULL, 0, 0, '2018-09-24 01:32:15', '2018-09-24 01:32:15'),
(21, 11, 12, 'ki koren vi??', NULL, 0, 0, '2018-09-24 01:32:27', '2018-09-24 01:32:27'),
(22, 12, 11, 'sms dekhi', NULL, 0, 0, '2018-09-24 01:32:56', '2018-09-24 01:32:56'),
(23, 10, 11, '30 tk', NULL, 0, 0, '2018-09-24 01:33:03', '2018-09-24 01:33:03'),
(24, 10, 12, '30 tk', NULL, 0, 0, '2018-09-24 01:33:21', '2018-09-24 01:33:21'),
(25, 30, 11, 'hi', NULL, 0, 0, '2018-09-24 01:33:38', '2018-09-24 01:33:38'),
(26, 11, 30, 'gese vi', NULL, 0, 0, '2018-09-24 01:33:44', '2018-09-24 01:33:44'),
(27, 6, 1, 'hi', NULL, 0, 0, '2018-09-24 01:39:03', '2018-09-24 01:39:03'),
(28, 1, 3, 'hi', NULL, 0, 0, '2018-09-24 22:56:59', '2018-09-24 22:56:59'),
(29, 3, 1, 'hello', NULL, 0, 0, '2018-09-24 22:57:17', '2018-09-24 22:57:17'),
(30, 1, 3, 'message from admin', NULL, 0, 0, '2018-09-24 22:59:02', '2018-09-24 22:59:02'),
(31, 3, 1, 'message from idbbisew', NULL, 0, 0, '2018-09-24 22:59:24', '2018-09-24 22:59:24'),
(32, 1, 3, 'hi idbbisew', NULL, 0, 0, '2018-09-24 23:02:23', '2018-09-24 23:02:23'),
(33, 3, 1, 'hi', NULL, 0, 0, '2018-09-24 23:03:39', '2018-09-24 23:03:39'),
(34, 3, 1, 'hi', NULL, 0, 0, '2018-09-24 23:05:59', '2018-09-24 23:05:59'),
(35, 1, 3, 'hello', NULL, 0, 0, '2018-09-24 23:06:11', '2018-09-24 23:06:11'),
(36, 1, 3, 'hi', NULL, 0, 0, '2018-09-24 23:14:38', '2018-09-24 23:14:38'),
(37, 3, 1, 'hi', NULL, 0, 0, '2018-09-24 23:16:04', '2018-09-24 23:16:04'),
(38, 3, 1, 'hi', NULL, 0, 0, '2018-09-24 23:16:19', '2018-09-24 23:16:19'),
(39, 1, 3, 'hello', NULL, 0, 0, '2018-09-24 23:16:28', '2018-09-24 23:16:28'),
(40, 3, 1, 'message from idbbisew and this is a long message so some wrap occurs', NULL, 0, 0, '2018-09-24 23:17:03', '2018-09-24 23:17:03'),
(41, 11, 1, 'hello', NULL, 0, 0, '2018-09-24 23:59:25', '2018-09-24 23:59:25'),
(42, 1, 11, 'hi', NULL, 0, 0, '2018-09-25 00:00:41', '2018-09-25 00:00:41'),
(43, 1, 10, 'hi', NULL, 0, 0, '2018-09-25 00:01:00', '2018-09-25 00:01:00'),
(44, 10, 10, 'hi', NULL, 0, 0, '2018-09-25 00:01:08', '2018-09-25 00:01:08'),
(45, 1, 7, 'hello', NULL, 0, 0, '2018-09-25 00:01:12', '2018-09-25 00:01:12'),
(46, 2, 1, 'hi', NULL, 0, 0, '2018-09-25 00:01:46', '2018-09-25 00:01:46'),
(47, 10, 10, 'test massege', NULL, 0, 0, '2018-09-25 00:01:49', '2018-09-25 00:01:49'),
(48, 11, 1, 'test', NULL, 0, 0, '2018-09-25 00:01:53', '2018-09-25 00:01:53'),
(49, 7, 1, 'Hi', NULL, 0, 0, '2018-09-25 00:01:56', '2018-09-25 00:01:56'),
(50, 2, 10, 'hi', NULL, 0, 0, '2018-09-25 00:02:03', '2018-09-25 00:02:03'),
(51, 1, 2, 'hiiii', NULL, 0, 0, '2018-09-25 00:02:25', '2018-09-25 00:02:25'),
(52, 7, 10, 'Hello...', NULL, 0, 0, '2018-09-25 00:02:35', '2018-09-25 00:02:35'),
(53, 2, 10, 'our social site', NULL, 0, 0, '2018-09-25 00:02:44', '2018-09-25 00:02:44'),
(54, 11, 10, 'hi', NULL, 0, 0, '2018-09-25 00:03:51', '2018-09-25 00:03:51'),
(55, 10, 7, 'hi', NULL, 0, 0, '2018-09-25 00:04:39', '2018-09-25 00:04:39'),
(56, 11, 7, 'ji vi', NULL, 0, 0, '2018-09-25 00:04:39', '2018-09-25 00:04:39'),
(57, 2, 7, 'dff', NULL, 0, 0, '2018-09-25 00:05:20', '2018-09-25 00:05:20'),
(58, 3, 1, 'hi', NULL, 0, 0, '2018-09-25 00:25:32', '2018-09-25 00:25:32'),
(59, 1, 3, 'hello', NULL, 0, 0, '2018-09-25 00:26:45', '2018-09-25 00:26:45'),
(60, 3, 1, 'asdf', NULL, 0, 0, '2018-09-25 00:27:46', '2018-09-25 00:27:46'),
(61, 3, 1, 'hi', NULL, 0, 0, '2018-09-25 00:36:13', '2018-09-25 00:36:13'),
(62, 3, 1, 'hello', NULL, 0, 0, '2018-09-25 00:37:16', '2018-09-25 00:37:16'),
(63, 1, 3, 'jjj', NULL, 0, 0, '2018-09-25 00:42:20', '2018-09-25 00:42:20'),
(64, 1, 3, 'ppp', NULL, 0, 0, '2018-09-25 00:43:08', '2018-09-25 00:43:08'),
(65, 1, 3, '3', NULL, 0, 0, '2018-09-25 00:43:54', '2018-09-25 00:43:54'),
(66, 3, 1, 'kkk', NULL, 0, 0, '2018-09-25 00:51:17', '2018-09-25 00:51:17'),
(67, 3, 1, '33', NULL, 0, 0, '2018-09-25 00:52:01', '2018-09-25 00:52:01'),
(68, 3, 1, 'hello', NULL, 0, 0, '2018-09-25 00:53:40', '2018-09-25 00:53:40'),
(69, 3, 1, 'hello', NULL, 0, 0, '2018-09-25 01:00:31', '2018-09-25 01:00:31'),
(70, 1, 3, 'hii', NULL, 0, 0, '2018-09-25 01:04:42', '2018-09-25 01:04:42'),
(71, 1, 3, 'iiiii', NULL, 0, 0, '2018-09-25 01:05:12', '2018-09-25 01:05:12'),
(72, 1, 3, '123', NULL, 0, 0, '2018-09-25 01:10:09', '2018-09-25 01:10:09'),
(73, 1, 3, '321564987', NULL, 0, 0, '2018-09-25 01:14:08', '2018-09-25 01:14:08'),
(74, 3, 1, 'some info needed', NULL, 0, 0, '2018-09-25 01:14:31', '2018-09-25 01:14:31'),
(75, 3, 1, '?', NULL, 0, 0, '2018-09-25 01:14:50', '2018-09-25 01:14:50'),
(76, 3, 32, 'i am new', NULL, 0, 0, '2018-09-25 01:23:18', '2018-09-25 01:23:18'),
(77, 3, 32, 'new new', NULL, 0, 0, '2018-09-25 01:24:32', '2018-09-25 01:24:32'),
(78, 32, 3, 'welcome', NULL, 0, 0, '2018-09-25 01:24:53', '2018-09-25 01:24:53'),
(79, 32, 3, 'asnother welcome', NULL, 0, 0, '2018-09-25 01:25:09', '2018-09-25 01:25:09'),
(80, 1, 3, '5555', NULL, 0, 0, '2018-09-25 01:26:57', '2018-09-25 01:26:57'),
(81, 1, 3, 'asd', NULL, 0, 0, '2018-09-25 01:27:53', '2018-09-25 01:27:53'),
(82, 1, 3, 'fdgjkhgfdg', NULL, 0, 0, '2018-09-25 01:28:07', '2018-09-25 01:28:07'),
(83, 1, 3, 'welcome', NULL, 0, 0, '2018-09-25 01:30:08', '2018-09-25 01:30:08'),
(84, 3, 1, 'class finished!! lets go home', NULL, 0, 0, '2018-09-25 01:34:23', '2018-09-25 01:34:23'),
(85, 1, 3, 'ok, after 5 mins (y)', NULL, 0, 0, '2018-09-25 01:34:47', '2018-09-25 01:34:47'),
(86, 1, 3, 'are you there?', NULL, 0, 0, '2018-09-25 01:35:11', '2018-09-25 01:35:11'),
(87, 7, 1, 'Hello ....................', NULL, 0, 0, '2018-09-25 01:35:40', '2018-09-25 01:35:40'),
(88, 7, 1, 'Hello ....................', NULL, 0, 0, '2018-09-25 01:35:45', '2018-09-25 01:35:45'),
(89, 10, 1, 'test', NULL, 0, 0, '2018-09-25 01:36:09', '2018-09-25 01:36:09'),
(90, 11, 1, 'Ok sir', NULL, 0, 0, '2018-09-25 01:36:09', '2018-09-25 01:36:09'),
(91, 11, 1, 'Ok sir', NULL, 0, 0, '2018-09-25 01:36:12', '2018-09-25 01:36:12'),
(92, 6, 1, 'i am esmail', NULL, 0, 0, '2018-09-25 01:36:19', '2018-09-25 01:36:19'),
(93, 2, 1, 'nai', NULL, 0, 0, '2018-09-25 01:36:22', '2018-09-25 01:36:22'),
(94, 7, 1, 'Hiiiiiiiiiiiiiiiiiiiiiiii', NULL, 0, 0, '2018-09-25 01:36:37', '2018-09-25 01:36:37'),
(95, 2, 1, 'amak deklo nah', NULL, 0, 0, '2018-09-25 01:36:52', '2018-09-25 01:36:52'),
(96, 2, 1, '[kpsdluieofk', NULL, 0, 0, '2018-09-25 01:37:05', '2018-09-25 01:37:05'),
(97, 2, 1, '[kpsdluieofksdfjsi0ou', NULL, 0, 0, '2018-09-25 01:37:07', '2018-09-25 01:37:07'),
(98, 7, 1, 'Text 1', NULL, 0, 0, '2018-09-25 01:37:09', '2018-09-25 01:37:09'),
(99, 2, 1, 'pfgjug', NULL, 0, 0, '2018-09-25 01:37:09', '2018-09-25 01:37:09'),
(100, 2, 1, 'pfgjug', NULL, 0, 0, '2018-09-25 01:37:13', '2018-09-25 01:37:13'),
(101, 7, 1, 'Text 2', NULL, 0, 0, '2018-09-25 01:37:16', '2018-09-25 01:37:16'),
(102, 7, 1, 'Text 3', NULL, 0, 0, '2018-09-25 01:37:27', '2018-09-25 01:37:27'),
(103, 2, 1, 'say', NULL, 0, 0, '2018-09-25 01:37:29', '2018-09-25 01:37:29'),
(104, 2, 1, 'TESTTESTTESTTESTTESTTESTTESTTESTTESTTESTTESTTESTTESTTESTTESTTESTTESTTESTTESTTESTTESTTESTTESTTESTTESTTESTTESTTESTTESTTESTTESTTESTTESTTESTTESTTESTTESTTESTTESTTESTTESTTESTTESTTESTTESTTESTTESTTESTTESTTESTTESTTESTTESTTESTTESTTESTTESTTESTTESTTESTTESTTESTTEST', NULL, 0, 0, '2018-09-25 01:37:44', '2018-09-25 01:37:44'),
(105, 4, 6, 'test', NULL, 0, 0, '2018-09-25 01:38:01', '2018-09-25 01:38:01'),
(106, 6, 4, 'go back to home', NULL, 0, 0, '2018-09-25 01:38:47', '2018-09-25 01:38:47'),
(107, 6, 4, 'go back to home', NULL, 0, 0, '2018-09-25 01:38:49', '2018-09-25 01:38:49'),
(108, 33, 1, 'hello', NULL, 0, 0, '2018-09-25 02:52:19', '2018-09-25 02:52:19'),
(109, 33, 1, 'how are you', NULL, 0, 0, '2018-09-25 02:52:38', '2018-09-25 02:52:38'),
(110, 1, 33, 'Hi', NULL, 0, 0, '2018-09-25 02:52:39', '2018-09-25 02:52:39'),
(111, 1, 33, 'how r u', NULL, 0, 0, '2018-09-25 02:52:53', '2018-09-25 02:52:53'),
(112, 1, 19, 'hi', NULL, 0, 0, '2018-09-25 03:09:24', '2018-09-25 03:09:24'),
(113, 1, 33, 'hi', NULL, 0, 0, '2018-09-25 03:10:23', '2018-09-25 03:10:23'),
(114, 1, 17, 'hello', NULL, 0, 0, '2018-09-25 03:15:56', '2018-09-25 03:15:56'),
(115, 1, 19, 'hi', NULL, 0, 0, '2018-09-25 03:16:08', '2018-09-25 03:16:08'),
(116, 1, 24, 'howdy', NULL, 0, 0, '2018-09-25 03:16:19', '2018-09-25 03:16:19'),
(117, 1, 6, 'good to know that', NULL, 0, 0, '2018-09-25 03:18:26', '2018-09-25 03:18:26'),
(118, 19, 1, 'Hello Admin!!', NULL, 0, 0, '2018-09-25 03:23:34', '2018-09-25 03:23:34'),
(119, 19, 1, 'Hello Admin!!', NULL, 0, 0, '2018-09-25 03:24:16', '2018-09-25 03:24:16'),
(120, 17, 1, 'hellow sir', NULL, 0, 0, '2018-09-25 03:24:23', '2018-09-25 03:24:23'),
(121, 17, 19, 'ki vai ki obostha?', NULL, 0, 0, '2018-09-25 03:24:42', '2018-09-25 03:24:42'),
(122, 17, 24, 'kire?', NULL, 0, 0, '2018-09-25 03:24:59', '2018-09-25 03:24:59'),
(123, 1, 17, 'hiii', NULL, 0, 0, '2018-09-25 03:25:05', '2018-09-25 03:25:05'),
(124, 1, 19, 'hiii', NULL, 0, 0, '2018-09-25 03:25:17', '2018-09-25 03:25:17'),
(125, 3, 1, 'hi', NULL, 0, 0, '2018-09-26 00:28:54', '2018-09-26 00:28:54'),
(126, 17, 19, 'ki vai?', NULL, 0, 0, '2018-09-26 05:33:08', '2018-09-26 05:33:08'),
(127, 17, 24, 'kire nura?', NULL, 0, 0, '2018-09-26 05:33:30', '2018-09-26 05:33:30'),
(128, 17, 24, 'kire nura?', NULL, 0, 0, '2018-09-26 05:33:31', '2018-09-26 05:33:31'),
(129, 17, 24, 'kire nura?', NULL, 0, 0, '2018-09-26 05:33:31', '2018-09-26 05:33:31'),
(130, 17, 24, 'kire nura?', NULL, 0, 0, '2018-09-26 05:33:31', '2018-09-26 05:33:31'),
(131, 17, 24, 'kire nura?', NULL, 0, 0, '2018-09-26 05:33:31', '2018-09-26 05:33:31'),
(132, 17, 24, 'kire nura?', NULL, 0, 0, '2018-09-26 05:33:31', '2018-09-26 05:33:31'),
(133, 17, 34, 'billah', NULL, 0, 0, '2018-09-26 05:37:56', '2018-09-26 05:37:56'),
(134, 17, 34, 'billah', NULL, 0, 0, '2018-09-26 05:37:57', '2018-09-26 05:37:57'),
(135, 17, 34, 'billah', NULL, 0, 0, '2018-09-26 05:37:57', '2018-09-26 05:37:57'),
(136, 17, 34, 'billah', NULL, 0, 0, '2018-09-26 05:37:57', '2018-09-26 05:37:57'),
(137, 17, 34, 'billah', NULL, 0, 0, '2018-09-26 05:37:57', '2018-09-26 05:37:57'),
(138, 17, 34, 'billah', NULL, 0, 0, '2018-09-26 05:37:57', '2018-09-26 05:37:57'),
(139, 17, 34, 'billah', NULL, 0, 0, '2018-09-26 05:37:58', '2018-09-26 05:37:58'),
(140, 17, 34, 'billah', NULL, 0, 0, '2018-09-26 05:37:58', '2018-09-26 05:37:58'),
(141, 19, 35, ',jk.h', NULL, 0, 0, '2018-09-26 05:38:57', '2018-09-26 05:38:57'),
(142, 1, 17, 'hi', NULL, 0, 0, '2018-09-26 05:43:56', '2018-09-26 05:43:56'),
(143, 19, 1, 'Hello Sir', NULL, 0, 0, '2018-09-26 05:44:12', '2018-09-26 05:44:12'),
(144, 17, 1, 'hellow sir', NULL, 0, 0, '2018-09-26 05:45:43', '2018-09-26 05:45:43'),
(145, 1, 17, 'hi', NULL, 0, 0, '2018-09-26 05:45:52', '2018-09-26 05:45:52'),
(146, 36, 34, 'hello msum', NULL, 0, 0, '2018-09-26 05:46:06', '2018-09-26 05:46:06'),
(147, 36, 34, 'gytgygiuy', NULL, 0, 0, '2018-09-26 05:46:09', '2018-09-26 05:46:09'),
(148, 24, 17, 'ujuj', NULL, 0, 0, '2018-09-26 05:47:36', '2018-09-26 05:47:36'),
(149, 24, 17, 'ujuj', NULL, 0, 0, '2018-09-26 05:47:36', '2018-09-26 05:47:36'),
(150, 24, 17, 'ujuj', NULL, 0, 0, '2018-09-26 05:47:37', '2018-09-26 05:47:37'),
(151, 24, 17, 'ujuj', NULL, 0, 0, '2018-09-26 05:47:37', '2018-09-26 05:47:37'),
(152, 24, 17, 'hy shofol', NULL, 0, 0, '2018-09-26 05:47:56', '2018-09-26 05:47:56'),
(153, 36, 17, 'ki re sofol', NULL, 0, 0, '2018-09-26 05:54:22', '2018-09-26 05:54:22'),
(154, 11, 40, 'hello', NULL, 0, 0, '2018-09-27 08:03:34', '2018-09-27 08:03:34'),
(155, 40, 1, 'hi', NULL, 0, 0, '2018-09-27 08:03:34', '2018-09-27 08:03:34'),
(156, 40, 11, 'hi', NULL, 0, 0, '2018-09-27 08:03:47', '2018-09-27 08:03:47'),
(157, 40, 10, 'hi', NULL, 0, 0, '2018-09-27 08:04:01', '2018-09-27 08:04:01');

-- --------------------------------------------------------

--
-- Table structure for table `comments`
--

CREATE TABLE `comments` (
  `id` int(10) UNSIGNED NOT NULL,
  `post_id` int(10) UNSIGNED DEFAULT NULL,
  `user_id` int(10) UNSIGNED DEFAULT NULL,
  `comment` text COLLATE utf8mb4_unicode_ci NOT NULL,
  `created_at` timestamp NULL DEFAULT NULL,
  `updated_at` timestamp NULL DEFAULT NULL
) ENGINE=InnoDB DEFAULT CHARSET=utf8mb4 COLLATE=utf8mb4_unicode_ci;

--
-- Dumping data for table `comments`
--

INSERT INTO `comments` (`id`, `post_id`, `user_id`, `comment`, `created_at`, `updated_at`) VALUES
(1, 121, 1, 'choker!!', '2018-09-15 00:54:19', '2018-09-15 00:54:19'),
(2, 121, 6, 'niec', '2018-09-15 00:55:02', '2018-09-15 00:55:02'),
(3, 121, 6, 'nice', '2018-09-15 00:55:10', '2018-09-15 00:55:10'),
(4, 121, 4, 'not to bad', '2018-09-15 00:55:17', '2018-09-15 00:55:17'),
(5, 120, 6, 'beautiful', '2018-09-15 00:55:21', '2018-09-15 00:55:21'),
(6, 120, 4, 'not to bad', '2018-09-15 00:55:45', '2018-09-15 00:55:45'),
(7, 121, 11, 'কথা কিন্তু সত্য।', '2018-09-15 00:55:45', '2018-09-15 00:55:45'),
(8, 112, 8, 'i love barisal', '2018-09-15 00:55:46', '2018-09-15 00:55:46'),
(9, 115, 6, 'nice', '2018-09-15 00:56:05', '2018-09-15 00:56:05'),
(10, 113, 4, 'valo lagloo', '2018-09-15 00:56:14', '2018-09-15 00:56:14'),
(11, 104, 7, 'এবার আমাদের টা চলবে ............', '2018-09-15 00:57:11', '2018-09-15 00:57:11'),
(12, 121, 8, 'i love barisal', '2018-09-15 01:00:28', '2018-09-15 01:00:28'),
(13, 115, 4, 'jodi kinte partam', '2018-09-15 01:06:38', '2018-09-15 01:06:38'),
(14, 122, 1, 'test', '2018-09-15 21:50:11', '2018-09-15 21:50:11'),
(15, 122, 1, 'another test', '2018-09-15 21:50:28', '2018-09-15 21:50:28'),
(16, 122, 1, 'aa', '2018-09-15 21:50:40', '2018-09-15 21:50:40'),
(17, 122, 1, 'another test', '2018-09-15 21:59:39', '2018-09-15 21:59:39'),
(18, 122, 1, '23', '2018-09-15 21:59:48', '2018-09-15 21:59:48'),
(19, 121, 1, 'test comment', '2018-09-15 22:13:03', '2018-09-15 22:13:03'),
(20, 113, 10, 'nice juice', '2018-09-16 00:18:50', '2018-09-16 00:18:50'),
(21, 115, 1, 'Nice', '2018-09-16 01:20:21', '2018-09-16 01:20:21'),
(22, 115, 12, 'Nice', '2018-09-16 01:21:33', '2018-09-16 01:21:33'),
(23, 83, 12, 'Aigka', '2018-09-16 01:26:14', '2018-09-16 01:26:14'),
(24, 113, 12, 'Thank you', '2018-09-16 01:26:38', '2018-09-16 01:26:38'),
(25, 122, 1, 'বাংলাদেশের দখলে দুবাই!', '2018-09-16 03:48:07', '2018-09-16 03:48:07'),
(26, 121, 1, 'বাংলাদেশের দখলে দুবাই!', '2018-09-16 03:48:21', '2018-09-16 03:48:21'),
(27, 123, 1, 'exactly!! :)', '2018-09-16 22:04:59', '2018-09-16 22:04:59'),
(28, 123, 2, 'Aizka!!!!!!!!!', '2018-09-17 00:44:46', '2018-09-17 00:44:46'),
(29, 120, 2, 'oh!!!!', '2018-09-17 00:45:17', '2018-09-17 00:45:17'),
(30, 117, 2, ':) :)', '2018-09-17 00:45:34', '2018-09-17 00:45:34'),
(31, 112, 2, 'Awesome.......', '2018-09-17 00:45:59', '2018-09-17 00:45:59'),
(32, 88, 10, 'so sad', '2018-09-17 01:10:29', '2018-09-17 01:10:29'),
(33, 127, 8, 'i love barisal', '2018-09-19 01:10:28', '2018-09-19 01:10:28'),
(34, 121, 10, 'khela pagol', '2018-09-19 01:58:03', '2018-09-19 01:58:03'),
(35, 128, 1, 'nice', '2018-09-19 03:34:46', '2018-09-19 03:34:46'),
(36, 149, 11, 'amra ai pocha product kinbo na.', '2018-09-22 00:21:32', '2018-09-22 00:21:32'),
(37, 153, 11, 'r koto patihas amader dekhaben vi??', '2018-09-22 00:22:05', '2018-09-22 00:22:05'),
(38, 235, 1, 'nice', '2018-09-23 23:06:27', '2018-09-23 23:06:27'),
(39, 250, 14, 'thanks SIR', '2018-09-23 23:11:47', '2018-09-23 23:11:47'),
(40, 251, 6, 'nice', '2018-09-23 23:33:47', '2018-09-23 23:33:47'),
(41, 253, 24, 'Hello Admin', '2018-09-25 03:16:13', '2018-09-25 03:16:13'),
(42, 126, 1, 'another test', '2018-09-26 01:31:44', '2018-09-26 01:31:44'),
(43, 263, 1, 'another test', '2018-09-26 01:31:58', '2018-09-26 01:31:58'),
(44, 263, 1, 'second comment', '2018-09-26 01:37:43', '2018-09-26 01:37:43'),
(45, 262, 1, 'i want this!!', '2018-09-26 01:37:57', '2018-09-26 01:37:57'),
(46, 313, 1, 'test comment', '2018-09-26 22:07:25', '2018-09-26 22:07:25'),
(47, 320, 1, 'comment', '2018-09-27 05:26:40', '2018-09-27 05:26:40'),
(48, 317, 1, 'backdate comment', '2018-09-24 05:57:13', '2018-09-24 05:57:13'),
(49, 320, 1, 'another comment', '2018-09-24 05:57:25', '2018-09-24 05:57:25'),
(50, 323, 1, 'nice', '2018-09-27 07:26:26', '2018-09-27 07:26:26'),
(51, 323, 1, 'another comment', '2018-09-27 07:46:54', '2018-09-27 07:46:54'),
(52, 323, 11, 'hello', '2018-09-27 07:48:28', '2018-09-27 07:48:28'),
(53, 325, 40, 'nice', '2018-09-27 08:01:13', '2018-09-27 08:01:13'),
(54, 325, 1, 'Nice', '2018-09-27 08:01:19', '2018-09-27 08:01:19'),
(55, 326, 1, 'ok', '2018-09-27 08:03:13', '2018-09-27 08:03:13');

-- --------------------------------------------------------

--
-- Table structure for table `education`
--

CREATE TABLE `education` (
  `id` int(10) UNSIGNED NOT NULL,
  `institute` varchar(191) COLLATE utf8mb4_unicode_ci NOT NULL,
  `sess` varchar(191) COLLATE utf8mb4_unicode_ci NOT NULL,
  `level` enum('ssc','dakhil','O Level','hsc','alim','A Level','hons','fazil','masters','kamil','phd','diploma','postdiploma','Other') COLLATE utf8mb4_unicode_ci NOT NULL,
  `major` varchar(191) COLLATE utf8mb4_unicode_ci NOT NULL,
  `description` text COLLATE utf8mb4_unicode_ci NOT NULL,
  `graduate` tinyint(1) DEFAULT NULL,
  `user_id` int(10) UNSIGNED DEFAULT NULL,
  `created_at` timestamp NULL DEFAULT NULL,
  `updated_at` timestamp NULL DEFAULT NULL
) ENGINE=InnoDB DEFAULT CHARSET=utf8mb4 COLLATE=utf8mb4_unicode_ci;

--
-- Dumping data for table `education`
--

INSERT INTO `education` (`id`, `institute`, `sess`, `level`, `major`, `description`, `graduate`, `user_id`, `created_at`, `updated_at`) VALUES
(1, 'IUT', '2006-2010', 'hons', 'IT', 'some desc', 1, 1, '2018-09-14 22:51:21', '2018-09-14 22:51:21'),
(2, 'IDBBISEW', '2007', 'diploma', 'WDPF', 'Done one-year diploma in Web Development With PHP and Framework', 1, 1, '2018-09-14 23:19:06', '2018-09-14 23:19:06'),
(3, 'National University', '2013-2014', 'masters', 'Accounting', 'some content', 1, 10, '2018-09-17 23:05:23', '2018-09-17 23:05:23'),
(4, 'IDB-DISEW', '20017-2018', 'postdiploma', 'PHP', 'Codeignator, Laravel.', 1, 11, '2018-09-22 22:54:04', '2018-09-22 22:54:04'),
(5, 'National Bangla High School', '2001', 'ssc', 'Science', 'SSC', 1, 11, '2018-09-22 22:55:40', '2018-09-22 22:55:40');

-- --------------------------------------------------------

--
-- Table structure for table `friends`
--

CREATE TABLE `friends` (
  `id` int(10) UNSIGNED NOT NULL,
  `user_id` int(10) UNSIGNED DEFAULT NULL,
  `friend_id` int(10) UNSIGNED DEFAULT NULL,
  `approved` int(11) NOT NULL DEFAULT '0',
  `blocked` int(11) NOT NULL DEFAULT '0',
  `created_at` timestamp NULL DEFAULT NULL,
  `updated_at` timestamp NULL DEFAULT NULL
) ENGINE=InnoDB DEFAULT CHARSET=utf8mb4 COLLATE=utf8mb4_unicode_ci;

--
-- Dumping data for table `friends`
--

INSERT INTO `friends` (`id`, `user_id`, `friend_id`, `approved`, `blocked`, `created_at`, `updated_at`) VALUES
(29, 10, 1, 1, 0, '2018-09-17 01:25:37', '2018-09-17 01:27:12'),
(30, 1, 4, 1, 0, '2018-09-17 01:25:41', '2018-09-17 01:25:48'),
(31, 12, 10, 1, 0, '2018-09-17 01:25:41', '2018-09-17 01:27:43'),
(32, 1, 12, 1, 0, '2018-09-17 01:25:44', '2018-09-17 01:26:41'),
(33, 1, 21, 0, 0, '2018-09-17 01:25:48', '2018-09-17 01:25:48'),
(34, 7, 1, 1, 0, '2018-09-17 01:25:53', '2018-09-17 01:27:27'),
(35, 12, 21, 0, 0, '2018-09-17 01:25:54', '2018-09-17 01:25:54'),
(36, 11, 1, 1, 0, '2018-09-17 01:25:55', '2018-09-17 01:27:29'),
(37, 12, 12, 1, 0, '2018-09-17 01:25:59', '2018-09-17 01:27:15'),
(38, 12, 4, 1, 0, '2018-09-17 01:26:04', '2018-09-17 01:26:38'),
(39, 11, 26, 0, 0, '2018-09-17 01:26:08', '2018-09-17 01:26:08'),
(40, 10, 26, 0, 0, '2018-09-17 01:26:11', '2018-09-17 01:26:11'),
(41, 6, 1, 1, 0, '2018-09-17 01:26:18', '2018-09-17 01:27:30'),
(42, 4, 6, 1, 0, '2018-09-17 01:26:24', '2018-09-17 01:27:06'),
(43, 2, 1, 1, 0, '2018-09-17 01:26:57', '2018-09-17 01:27:32'),
(44, 2, 26, 0, 0, '2018-09-17 01:27:01', '2018-09-17 01:27:01'),
(45, 2, 9, 0, 0, '2018-09-17 01:27:05', '2018-09-17 01:27:05'),
(46, 2, 6, 1, 0, '2018-09-17 01:27:17', '2018-09-17 01:27:34'),
(47, 2, 10, 1, 0, '2018-09-17 01:27:51', '2018-09-17 01:36:53'),
(48, 11, 7, 1, 0, '2018-09-17 01:27:53', '2018-09-17 01:28:15'),
(49, 2, 12, 1, 0, '2018-09-17 01:27:55', '2018-09-17 01:28:10'),
(50, 4, 2, 1, 0, '2018-09-17 01:27:56', '2018-09-17 01:28:04'),
(51, 2, 5, 0, 0, '2018-09-17 01:28:38', '2018-09-17 01:28:38'),
(52, 11, 10, 1, 0, '2018-09-17 01:28:47', '2018-09-17 01:36:50'),
(53, 10, 6, 1, 0, '2018-09-17 01:30:44', '2018-09-17 01:36:07'),
(54, 10, 7, 1, 0, '2018-09-17 01:30:50', '2018-09-17 01:37:52'),
(55, 10, 14, 1, 0, '2018-09-17 01:30:59', '2018-09-24 01:01:32'),
(56, 10, 9, 0, 0, '2018-09-17 01:31:03', '2018-09-17 01:31:03'),
(57, 10, 25, 0, 0, '2018-09-17 01:31:10', '2018-09-17 01:31:10'),
(58, 10, 8, 1, 0, '2018-09-17 01:31:18', '2018-09-17 01:31:43'),
(59, 10, 4, 1, 0, '2018-09-17 01:31:26', '2018-09-17 01:35:06'),
(60, 12, 11, 1, 0, '2018-09-17 01:36:14', '2018-09-17 22:33:37'),
(61, 12, 26, 0, 0, '2018-09-17 01:36:19', '2018-09-17 01:36:19'),
(62, 12, 8, 1, 0, '2018-09-17 01:36:41', '2018-09-17 01:37:17'),
(63, 12, 7, 1, 0, '2018-09-17 01:36:46', '2018-09-17 01:38:13'),
(64, 6, 12, 1, 0, '2018-09-17 01:38:07', '2018-09-18 00:32:15'),
(65, 1, 17, 1, 0, '2018-09-17 06:16:49', '2018-09-25 03:16:47'),
(66, 12, 9, 0, 0, '2018-09-21 23:40:33', '2018-09-21 23:40:33'),
(68, 10, 10, 1, 0, '2018-09-22 00:40:14', '2018-09-22 22:45:18'),
(69, 10, 21, 0, 0, '2018-09-22 00:42:11', '2018-09-22 00:42:11'),
(70, 29, 11, 1, 0, '2018-09-22 22:49:19', '2018-09-23 23:31:14'),
(71, 30, 11, 1, 0, '2018-09-23 21:41:12', '2018-09-24 01:33:17'),
(72, 30, 7, 1, 0, '2018-09-23 21:41:36', '2018-09-27 07:29:52'),
(73, 30, 2, 1, 0, '2018-09-23 21:41:47', '2018-09-23 23:04:49'),
(74, 30, 10, 1, 0, '2018-09-23 21:41:56', '2018-09-27 06:55:24'),
(75, 30, 1, 1, 0, '2018-09-23 22:14:36', '2018-09-23 23:02:53'),
(76, 14, 1, 1, 0, '2018-09-23 23:05:44', '2018-09-23 23:06:04'),
(77, 14, 26, 0, 0, '2018-09-23 23:05:51', '2018-09-23 23:05:51'),
(78, 32, 1, 1, 0, '2018-09-24 22:22:11', '2018-09-24 22:22:40'),
(79, 6, 8, 1, 0, '2018-09-24 22:34:20', '2018-09-24 22:59:59'),
(80, 2, 11, 0, 0, '2018-09-25 00:04:56', '2018-09-25 00:04:56'),
(81, 2, 7, 1, 0, '2018-09-25 00:05:05', '2018-09-27 07:29:55'),
(83, 33, 1, 1, 0, '2018-09-25 02:39:52', '2018-09-25 02:46:46'),
(84, 33, 9, 0, 0, '2018-09-25 02:39:59', '2018-09-25 02:39:59'),
(85, 33, 26, 0, 0, '2018-09-25 02:40:05', '2018-09-25 02:40:05'),
(86, 1, 19, 1, 0, '2018-09-25 03:08:56', '2018-09-25 03:15:31'),
(87, 1, 24, 1, 0, '2018-09-25 03:11:11', '2018-09-25 03:13:08'),
(88, 17, 24, 1, 0, '2018-09-25 03:21:11', '2018-09-25 03:22:57'),
(89, 17, 19, 1, 0, '2018-09-25 03:21:44', '2018-09-25 03:27:09'),
(90, 17, 8, 0, 0, '2018-09-25 03:25:39', '2018-09-25 03:25:39'),
(91, 17, 2, 0, 0, '2018-09-25 03:25:58', '2018-09-25 03:25:58'),
(92, 17, 15, 0, 0, '2018-09-25 03:26:21', '2018-09-25 03:26:21'),
(93, 17, 18, 0, 0, '2018-09-25 03:26:44', '2018-09-25 03:26:44'),
(94, 17, 34, 1, 0, '2018-09-25 03:26:49', '2018-09-26 05:33:06'),
(96, 1, 3, 1, 0, '2018-09-25 23:56:40', '2018-09-25 23:56:52'),
(97, 19, 23, 0, 0, '2018-09-26 05:37:49', '2018-09-26 05:37:49'),
(98, 19, 35, 1, 0, '2018-09-26 05:37:55', '2018-09-26 05:38:03'),
(99, 36, 34, 1, 0, '2018-09-26 05:38:43', '2018-09-26 05:44:00'),
(100, 34, 22, 0, 0, '2018-09-26 05:43:05', '2018-09-26 05:43:05'),
(101, 34, 18, 0, 0, '2018-09-26 05:43:40', '2018-09-26 05:43:40'),
(102, 35, 17, 1, 0, '2018-09-26 05:46:10', '2018-09-26 05:50:09'),
(103, 19, 24, 1, 0, '2018-09-26 05:46:22', '2018-09-26 05:46:58'),
(104, 1, 20, 0, 0, '2018-09-26 05:46:31', '2018-09-26 05:46:31'),
(105, 1, 15, 0, 0, '2018-09-26 05:46:35', '2018-09-26 05:46:35'),
(106, 1, 39, 0, 0, '2018-09-26 05:46:40', '2018-09-26 05:46:40'),
(107, 1, 34, 1, 0, '2018-09-26 05:47:05', '2018-09-26 05:49:38'),
(108, 37, 17, 1, 0, '2018-09-26 05:47:07', '2018-09-26 05:50:06'),
(109, 37, 1, 1, 0, '2018-09-26 05:48:47', '2018-09-26 05:49:23'),
(110, 17, 23, 0, 0, '2018-09-26 05:48:52', '2018-09-26 05:48:52'),
(111, 24, 37, 0, 0, '2018-09-26 05:49:07', '2018-09-26 05:49:07'),
(112, 39, 17, 1, 0, '2018-09-26 05:49:16', '2018-09-26 05:50:12'),
(113, 17, 22, 0, 0, '2018-09-26 05:49:55', '2018-09-26 05:49:55'),
(114, 24, 34, 0, 0, '2018-09-26 05:49:55', '2018-09-26 05:49:55'),
(115, 17, 36, 1, 0, '2018-09-26 05:49:58', '2018-09-26 05:50:53'),
(116, 39, 19, 0, 0, '2018-09-26 05:52:18', '2018-09-26 05:52:18'),
(117, 36, 20, 0, 0, '2018-09-26 05:53:45', '2018-09-26 05:53:45'),
(118, 1, 38, 1, 0, '2018-09-26 05:54:41', '2018-09-26 05:54:51'),
(119, 37, 38, 1, 0, '2018-09-26 05:58:23', '2018-09-26 05:58:32'),
(120, 37, 20, 0, 0, '2018-09-26 05:58:43', '2018-09-26 05:58:43'),
(121, 17, 30, 0, 0, '2018-09-26 06:07:08', '2018-09-26 06:07:08'),
(122, 17, 9, 0, 0, '2018-09-26 06:07:12', '2018-09-26 06:07:12'),
(123, 17, 25, 0, 0, '2018-09-26 06:07:16', '2018-09-26 06:07:16'),
(124, 17, 27, 0, 0, '2018-09-26 06:07:20', '2018-09-26 06:07:20'),
(125, 17, 7, 1, 0, '2018-09-26 06:07:35', '2018-09-27 07:29:59'),
(126, 40, 1, 1, 0, '2018-09-27 07:55:36', '2018-09-27 07:59:17'),
(127, 40, 26, 0, 0, '2018-09-27 07:55:42', '2018-09-27 07:55:42'),
(128, 40, 2, 0, 0, '2018-09-27 07:58:28', '2018-09-27 07:58:28'),
(129, 40, 6, 0, 0, '2018-09-27 07:58:32', '2018-09-27 07:58:32'),
(130, 40, 10, 1, 0, '2018-09-27 07:58:35', '2018-09-27 07:59:56'),
(131, 11, 40, 1, 0, '2018-09-27 07:58:35', '2018-09-27 07:58:51'),
(132, 40, 7, 0, 0, '2018-09-27 07:58:40', '2018-09-27 07:58:40'),
(133, 40, 29, 0, 0, '2018-09-27 07:58:43', '2018-09-27 07:58:43');

-- --------------------------------------------------------

--
-- Table structure for table `interests`
--

CREATE TABLE `interests` (
  `id` int(10) UNSIGNED NOT NULL,
  `interest` varchar(191) COLLATE utf8mb4_unicode_ci NOT NULL,
  `user_id` int(10) UNSIGNED DEFAULT NULL,
  `created_at` timestamp NULL DEFAULT NULL,
  `updated_at` timestamp NULL DEFAULT NULL
) ENGINE=InnoDB DEFAULT CHARSET=utf8mb4 COLLATE=utf8mb4_unicode_ci;

--
-- Dumping data for table `interests`
--

INSERT INTO `interests` (`id`, `interest`, `user_id`, `created_at`, `updated_at`) VALUES
(1, 'Photgraphy', 1, '2018-09-17 23:02:19', '2018-09-17 23:02:19'),
(2, 'Traveling', 1, '2018-09-17 23:02:32', '2018-09-17 23:02:32'),
(3, 'Eating', 1, '2018-09-17 23:02:50', '2018-09-17 23:02:50'),
(4, 'Playing', 1, '2018-09-17 23:03:55', '2018-09-17 23:03:55'),
(5, 'Shopping', 10, '2018-09-17 23:57:11', '2018-09-17 23:57:11'),
(6, 'Traveling', 10, '2018-09-17 23:57:17', '2018-09-17 23:57:17'),
(7, 'Traveling', 1, '2018-09-19 03:35:42', '2018-09-19 03:35:42'),
(8, 'Traveling', 6, '2018-09-22 22:54:40', '2018-09-22 22:54:40'),
(9, 'Eating', 6, '2018-09-22 22:54:45', '2018-09-22 22:54:45'),
(10, 'Shopping', 6, '2018-09-22 22:54:50', '2018-09-22 22:54:50'),
(11, 'Playing', 6, '2018-09-22 22:55:01', '2018-09-22 22:55:01'),
(12, 'Shopping', 1, '2018-09-26 05:51:56', '2018-09-26 05:51:56');

-- --------------------------------------------------------

--
-- Table structure for table `migrations`
--

CREATE TABLE `migrations` (
  `id` int(10) UNSIGNED NOT NULL,
  `migration` varchar(191) COLLATE utf8mb4_unicode_ci NOT NULL,
  `batch` int(11) NOT NULL
) ENGINE=InnoDB DEFAULT CHARSET=utf8mb4 COLLATE=utf8mb4_unicode_ci;

--
-- Dumping data for table `migrations`
--

INSERT INTO `migrations` (`id`, `migration`, `batch`) VALUES
(1, '2014_10_12_000000_create_users_table', 1),
(2, '2014_10_12_100000_create_password_resets_table', 1),
(3, '2018_09_11_042501_create_posts_table', 2),
(4, '2018_09_11_074041_create_pictures_table', 3),
(6, '2018_09_12_070222_create_profiles_table', 4),
(16, '2018_09_13_161243_create_education_table', 5),
(17, '2018_09_13_181303_create_works_table', 5),
(18, '2018_09_14_094830_create_interests_table', 5),
(19, '2018_09_15_062029_create_comments_table', 6),
(21, '2018_09_16_064610_create_friends_table', 7),
(22, '2018_09_19_053316_create_reactions_table', 8),
(23, '2017_02_11_202057_create_chats_table', 9),
(24, '2018_09_26_062448_create_notifications_table', 10),
(25, '2018_09_26_063219_create_activities_table', 10);

-- --------------------------------------------------------

--
-- Table structure for table `notifications`
--

CREATE TABLE `notifications` (
  `id` int(10) UNSIGNED NOT NULL,
  `post_id` int(10) UNSIGNED DEFAULT NULL,
  `type` enum('react','comment','post','share','pp','cp') COLLATE utf8mb4_unicode_ci NOT NULL,
  `user_id` int(10) UNSIGNED DEFAULT NULL,
  `viewed` tinyint(1) NOT NULL DEFAULT '0',
  `created_at` timestamp NULL DEFAULT NULL,
  `updated_at` timestamp NULL DEFAULT NULL
) ENGINE=InnoDB DEFAULT CHARSET=utf8mb4 COLLATE=utf8mb4_unicode_ci;

-- --------------------------------------------------------

--
-- Table structure for table `password_resets`
--

CREATE TABLE `password_resets` (
  `email` varchar(191) COLLATE utf8mb4_unicode_ci NOT NULL,
  `token` varchar(191) COLLATE utf8mb4_unicode_ci NOT NULL,
  `created_at` timestamp NULL DEFAULT NULL
) ENGINE=InnoDB DEFAULT CHARSET=utf8mb4 COLLATE=utf8mb4_unicode_ci;

--
-- Dumping data for table `password_resets`
--

INSERT INTO `password_resets` (`email`, `token`, `created_at`) VALUES
('linkonzakir@gmail.com', '$2y$10$.gi66hIVroj7Odgag8d58OFxBaj.tqa2mzsPsq0I8y1iJSYo5X75C', '2018-09-25 03:10:09'),
('admin@idbbisew.com', '$2y$10$fcMSvxxd2Bz1kJN4eU.MHOuD1mBZxVzgPyFMk3LD7bt8vMlVEBIeS', '2018-09-25 03:11:02'),
('mjahid1990@gmail.com', '$2y$10$D6P855ZxSiJ2vU6Rt/w43emkYXs5CgyTo3IvSpzI2WOtCm48SmXwW', '2018-09-26 05:33:42');

-- --------------------------------------------------------

--
-- Table structure for table `pictures`
--

CREATE TABLE `pictures` (
  `id` int(10) UNSIGNED NOT NULL,
  `imgname` varchar(191) COLLATE utf8mb4_unicode_ci NOT NULL,
  `post_id` int(10) UNSIGNED DEFAULT NULL,
  `created_at` timestamp NULL DEFAULT NULL,
  `updated_at` timestamp NULL DEFAULT NULL
) ENGINE=InnoDB DEFAULT CHARSET=utf8mb4 COLLATE=utf8mb4_unicode_ci;

--
-- Dumping data for table `pictures`
--

INSERT INTO `pictures` (`id`, `imgname`, `post_id`, `created_at`, `updated_at`) VALUES
(189, '1536813229_6_864150.jpg', 73, '2018-09-12 22:33:49', '2018-09-12 22:33:49'),
(190, '1536813229_6_549037.jpg', 73, '2018-09-12 22:33:49', '2018-09-12 22:33:49'),
(191, '1536813229_6_245081.jpg', 73, '2018-09-12 22:33:49', '2018-09-12 22:33:49'),
(192, '1536813229_6_551958.jpg', 73, '2018-09-12 22:33:49', '2018-09-12 22:33:49'),
(193, '1536813229_6_164784.jpg', 73, '2018-09-12 22:33:49', '2018-09-12 22:33:49'),
(213, '1536813256_4_372854.jpg', 81, '2018-09-12 22:34:16', '2018-09-12 22:34:16'),
(215, '1536813257_4_501755.jpg', 81, '2018-09-12 22:34:17', '2018-09-12 22:34:17'),
(216, '1536813258_4_291306.jpg', 81, '2018-09-12 22:34:18', '2018-09-12 22:34:18'),
(217, '1536813258_4_526742.jpg', 81, '2018-09-12 22:34:19', '2018-09-12 22:34:19'),
(218, '1536813259_4_901869.jpg', 81, '2018-09-12 22:34:20', '2018-09-12 22:34:20'),
(219, '1536813268_6_607879.gif', 82, '2018-09-12 22:34:28', '2018-09-12 22:34:28'),
(220, '1536813268_6_169386.jpg', 82, '2018-09-12 22:34:28', '2018-09-12 22:34:28'),
(221, '1536813268_6_124791.gif', 82, '2018-09-12 22:34:29', '2018-09-12 22:34:29'),
(222, '1536813269_6_215699.jpg', 82, '2018-09-12 22:34:29', '2018-09-12 22:34:29'),
(223, '1536813279_2_876038.png', 83, '2018-09-12 22:34:39', '2018-09-12 22:34:39'),
(224, '1536813279_2_801176.jpg', 83, '2018-09-12 22:34:39', '2018-09-12 22:34:39'),
(225, '1536813315_1_495779.jpg', 84, '2018-09-12 22:35:15', '2018-09-12 22:35:15'),
(228, '1536813374_2_975116.jpg', 86, '2018-09-12 22:36:15', '2018-09-12 22:36:15'),
(229, '1536813375_2_725552.png', 86, '2018-09-12 22:36:15', '2018-09-12 22:36:15'),
(230, '1536813375_2_493469.jpg', 86, '2018-09-12 22:36:15', '2018-09-12 22:36:15'),
(231, '1536813406_4_544585.jpg', 87, '2018-09-12 22:36:47', '2018-09-12 22:36:47'),
(232, '1536813449_25_548829.jpg', 88, '2018-09-12 22:37:29', '2018-09-12 22:37:29'),
(237, '1536815359_2_711496.jpg', 93, '2018-09-12 23:09:19', '2018-09-12 23:09:19'),
(238, '1536815359_2_942825.png', 93, '2018-09-12 23:09:19', '2018-09-12 23:09:19'),
(239, '1536815359_2_138694.jpg', 93, '2018-09-12 23:09:19', '2018-09-12 23:09:19'),
(240, '1536815359_2_198929.png', 93, '2018-09-12 23:09:20', '2018-09-12 23:09:20'),
(241, '1536815367_14_619704.png', 94, '2018-09-12 23:09:28', '2018-09-12 23:09:28'),
(242, '1536815392_2_987839.jpg', 95, '2018-09-12 23:09:52', '2018-09-12 23:09:52'),
(243, '1536815392_2_327886.png', 95, '2018-09-12 23:09:52', '2018-09-12 23:09:52'),
(244, '1536815392_2_497577.jpg', 95, '2018-09-12 23:09:52', '2018-09-12 23:09:52'),
(245, '1536815392_2_739265.png', 95, '2018-09-12 23:09:53', '2018-09-12 23:09:53'),
(246, '1536815393_2_434421.png', 95, '2018-09-12 23:09:53', '2018-09-12 23:09:53'),
(247, '1536815393_2_148117.png', 95, '2018-09-12 23:09:53', '2018-09-12 23:09:53'),
(248, '1536815393_2_488447.png', 95, '2018-09-12 23:09:54', '2018-09-12 23:09:54'),
(249, '1536815394_2_742169.png', 95, '2018-09-12 23:09:54', '2018-09-12 23:09:54'),
(250, '1536815394_2_122900.png', 95, '2018-09-12 23:09:55', '2018-09-12 23:09:55'),
(251, '1536815395_2_840619.png', 95, '2018-09-12 23:09:55', '2018-09-12 23:09:55'),
(252, '1536815395_2_764417.jpg', 96, '2018-09-12 23:09:55', '2018-09-12 23:09:55'),
(253, '1536815395_2_404134.png', 96, '2018-09-12 23:09:56', '2018-09-12 23:09:56'),
(254, '1536815396_2_667410.jpg', 96, '2018-09-12 23:09:56', '2018-09-12 23:09:56'),
(255, '1536815396_2_744619.png', 96, '2018-09-12 23:09:56', '2018-09-12 23:09:56'),
(256, '1536815396_2_531640.png', 96, '2018-09-12 23:09:56', '2018-09-12 23:09:56'),
(257, '1536815396_2_169104.png', 96, '2018-09-12 23:09:57', '2018-09-12 23:09:57'),
(258, '1536815397_2_860455.png', 96, '2018-09-12 23:09:57', '2018-09-12 23:09:57'),
(259, '1536815397_2_776019.png', 96, '2018-09-12 23:09:57', '2018-09-12 23:09:57'),
(260, '1536815397_2_550737.png', 96, '2018-09-12 23:09:58', '2018-09-12 23:09:58'),
(261, '1536815398_2_122298.png', 96, '2018-09-12 23:09:58', '2018-09-12 23:09:58'),
(266, '1536815589_7_390398.jpg', 101, '2018-09-12 23:13:10', '2018-09-12 23:13:10'),
(267, '1536815608_7_148756.jpg', 102, '2018-09-12 23:13:28', '2018-09-12 23:13:28'),
(268, '1536815608_7_490087.jpg', 102, '2018-09-12 23:13:29', '2018-09-12 23:13:29'),
(269, '1536815609_7_847021.jpg', 102, '2018-09-12 23:13:29', '2018-09-12 23:13:29'),
(270, '1536815609_7_595119.jpg', 102, '2018-09-12 23:13:29', '2018-09-12 23:13:29'),
(271, '1536815635_2_618263.jpg', 103, '2018-09-12 23:13:55', '2018-09-12 23:13:55'),
(272, '1536815717_2_235971.jpg', 104, '2018-09-12 23:15:17', '2018-09-12 23:15:17'),
(273, '1536815717_2_994746.jpg', 104, '2018-09-12 23:15:17', '2018-09-12 23:15:17'),
(274, '1536815790_2_655264.jpg', 105, '2018-09-12 23:16:30', '2018-09-12 23:16:30'),
(275, '1536815790_2_293565.jpg', 105, '2018-09-12 23:16:30', '2018-09-12 23:16:30'),
(276, '1536815790_2_983299.jpg', 105, '2018-09-12 23:16:30', '2018-09-12 23:16:30'),
(278, '1536815812_7_864217.jpg', 107, '2018-09-12 23:16:53', '2018-09-12 23:16:53'),
(279, '1536815892_7_851018.jpg', 108, '2018-09-12 23:18:13', '2018-09-12 23:18:13'),
(280, '1536815893_7_605453.jpg', 108, '2018-09-12 23:18:13', '2018-09-12 23:18:13'),
(281, '1536815893_7_120066.jpg', 108, '2018-09-12 23:18:14', '2018-09-12 23:18:14'),
(282, '1536815894_7_979249.jpeg', 108, '2018-09-12 23:18:15', '2018-09-12 23:18:15'),
(287, '1536822829_7_283367.jpg', 110, '2018-09-13 01:13:50', '2018-09-13 01:13:50'),
(288, '1536824057_8_273966.jpeg', 111, '2018-09-13 01:34:18', '2018-09-13 01:34:18'),
(289, '1536824058_8_308150.jpeg', 111, '2018-09-13 01:34:18', '2018-09-13 01:34:18'),
(290, '1536824058_8_252771.jpeg', 111, '2018-09-13 01:34:18', '2018-09-13 01:34:18'),
(291, '1536827926_1_742102.jpg', 112, '2018-09-13 02:38:47', '2018-09-13 02:38:47'),
(292, '1536827927_1_337348.jpg', 112, '2018-09-13 02:38:47', '2018-09-13 02:38:47'),
(293, '1536827927_1_196717.png', 112, '2018-09-13 02:38:47', '2018-09-13 02:38:47'),
(294, '1536992395_12_798530.jpg', 113, '2018-09-15 00:19:55', '2018-09-15 00:19:55'),
(295, '1536992460_10_371194.jpg', 115, '2018-09-15 00:21:00', '2018-09-15 00:21:00'),
(296, '1536992460_10_260297.jpg', 115, '2018-09-15 00:21:01', '2018-09-15 00:21:01'),
(297, '1536992461_10_760096.jpg', 115, '2018-09-15 00:21:01', '2018-09-15 00:21:01'),
(298, '1536992461_10_496086.jpg', 115, '2018-09-15 00:21:01', '2018-09-15 00:21:01'),
(299, '1536992477_12_720848.jpg', 116, '2018-09-15 00:21:17', '2018-09-15 00:21:17'),
(300, '1536992497_11_398603.jpg', 117, '2018-09-15 00:21:38', '2018-09-15 00:21:38'),
(302, '1536992960_8_285435.jpg', 120, '2018-09-15 00:29:20', '2018-09-15 00:29:20'),
(303, '1536993017_26_297984.jpg', 121, '2018-09-15 00:30:17', '2018-09-15 00:30:17'),
(304, '1536993017_26_654558.jpg', 121, '2018-09-15 00:30:17', '2018-09-15 00:30:17'),
(305, '1536993017_26_678793.jpg', 121, '2018-09-15 00:30:18', '2018-09-15 00:30:18'),
(306, '1536993018_26_436312.jpg', 121, '2018-09-15 00:30:18', '2018-09-15 00:30:18'),
(307, '1536993018_26_691450.jpg', 121, '2018-09-15 00:30:18', '2018-09-15 00:30:18'),
(308, '1536993018_26_819977.jpg', 121, '2018-09-15 00:30:18', '2018-09-15 00:30:18'),
(309, '1536993018_26_153915.jpg', 121, '2018-09-15 00:30:18', '2018-09-15 00:30:18'),
(310, '1537169486_8_963060.jpg', 124, '2018-09-17 01:31:27', '2018-09-17 01:31:27'),
(311, '1537340756_1_854585.JPG', 125, '2018-09-19 01:05:59', '2018-09-19 01:05:59'),
(312, '1537340759_1_922152.JPG', 125, '2018-09-19 01:06:01', '2018-09-19 01:06:01'),
(313, '1537340761_1_200441.JPG', 125, '2018-09-19 01:06:03', '2018-09-19 01:06:03'),
(314, '1537340763_1_582873.JPG', 125, '2018-09-19 01:06:05', '2018-09-19 01:06:05'),
(315, '1537340765_1_104444.JPG', 125, '2018-09-19 01:06:07', '2018-09-19 01:06:07'),
(316, '1537340767_1_410810.JPG', 125, '2018-09-19 01:06:09', '2018-09-19 01:06:09'),
(317, '1537340768_1_914329.JPG', 126, '2018-09-19 01:06:10', '2018-09-19 01:06:10'),
(318, '1537340770_1_181104.JPG', 126, '2018-09-19 01:06:12', '2018-09-19 01:06:12'),
(319, '1537340772_1_726706.JPG', 126, '2018-09-19 01:06:14', '2018-09-19 01:06:14'),
(320, '1537340774_1_969769.JPG', 126, '2018-09-19 01:06:16', '2018-09-19 01:06:16'),
(321, '1537340777_1_281242.JPG', 126, '2018-09-19 01:06:18', '2018-09-19 01:06:18'),
(322, '1537340779_1_317170.JPG', 126, '2018-09-19 01:06:20', '2018-09-19 01:06:20'),
(323, '1537340832_1_336481.JPG', 127, '2018-09-19 01:07:14', '2018-09-19 01:07:14'),
(324, '1537340834_1_571616.JPG', 127, '2018-09-19 01:07:16', '2018-09-19 01:07:16'),
(325, '1537340836_1_574132.JPG', 127, '2018-09-19 01:07:18', '2018-09-19 01:07:18'),
(326, '1537340838_1_219241.JPG', 127, '2018-09-19 01:07:20', '2018-09-19 01:07:20'),
(327, '1537340840_1_989666.JPG', 127, '2018-09-19 01:07:22', '2018-09-19 01:07:22'),
(328, '1537340842_1_688718.JPG', 127, '2018-09-19 01:07:24', '2018-09-19 01:07:24'),
(329, '1537345062_2_722657.jpg', 128, '2018-09-19 02:17:43', '2018-09-19 02:17:43'),
(330, '1537345063_2_801731.jpg', 128, '2018-09-19 02:17:43', '2018-09-19 02:17:43'),
(331, '1537345063_2_695354.jpg', 128, '2018-09-19 02:17:43', '2018-09-19 02:17:43'),
(332, '1537345063_2_893848.jpg', 128, '2018-09-19 02:17:43', '2018-09-19 02:17:43'),
(333, '1537345063_2_538113.jpg', 128, '2018-09-19 02:17:43', '2018-09-19 02:17:43'),
(334, '1537345063_2_197812.jpg', 128, '2018-09-19 02:17:43', '2018-09-19 02:17:43'),
(335, '1537345063_2_187931.jpg', 128, '2018-09-19 02:17:44', '2018-09-19 02:17:44'),
(336, '1537345064_2_448650.jpg', 128, '2018-09-19 02:17:44', '2018-09-19 02:17:44'),
(337, '1537345064_2_653095.jpg', 128, '2018-09-19 02:17:44', '2018-09-19 02:17:44'),
(338, '1537345064_2_784424.jpg', 128, '2018-09-19 02:17:44', '2018-09-19 02:17:44'),
(339, '1537429427_11_120647.jpg', 132, '2018-09-20 01:43:47', '2018-09-20 01:43:47'),
(340, '1537429437_8_840747.jpg', 133, '2018-09-20 01:43:58', '2018-09-20 01:43:58'),
(341, '1537437404_1_727792.jpg', 135, '2018-09-20 03:56:44', '2018-09-20 03:56:44'),
(342, '1537437404_1_642523.jpg', 135, '2018-09-20 03:56:45', '2018-09-20 03:56:45'),
(343, '1537437405_1_566772.jpg', 135, '2018-09-20 03:56:45', '2018-09-20 03:56:45'),
(344, '1537437405_1_637645.jpg', 135, '2018-09-20 03:56:45', '2018-09-20 03:56:45'),
(345, '1537437405_1_883640.jpg', 135, '2018-09-20 03:56:45', '2018-09-20 03:56:45'),
(346, '1537593206_8_208481.jpg', 138, '2018-09-21 23:13:27', '2018-09-21 23:13:27'),
(348, '1537593210_12_503143.jpg', 140, '2018-09-21 23:13:30', '2018-09-21 23:13:30'),
(350, '1537593316_12_655481.jpg', 143, '2018-09-21 23:15:16', '2018-09-21 23:15:16'),
(353, '1537593351_7_445682.jpg', 146, '2018-09-21 23:15:51', '2018-09-21 23:15:51'),
(362, '1537593377_10_435257.jpg', 149, '2018-09-21 23:16:17', '2018-09-21 23:16:17'),
(363, '1537593377_10_208792.jpg', 149, '2018-09-21 23:16:18', '2018-09-21 23:16:18'),
(364, '1537593378_10_722050.jpg', 149, '2018-09-21 23:16:18', '2018-09-21 23:16:18'),
(365, '1537593378_10_298916.jpg', 149, '2018-09-21 23:16:18', '2018-09-21 23:16:18'),
(370, '1537593549_7_538630.jpg', 153, '2018-09-21 23:19:09', '2018-09-21 23:19:09'),
(371, '1537593608_8_113072.jpg', 154, '2018-09-21 23:20:08', '2018-09-21 23:20:08'),
(372, '1537593608_8_142527.jpg', 154, '2018-09-21 23:20:08', '2018-09-21 23:20:08'),
(373, '1537593608_8_430498.jpeg', 154, '2018-09-21 23:20:08', '2018-09-21 23:20:08'),
(374, '1537593608_8_904361.jpeg', 154, '2018-09-21 23:20:08', '2018-09-21 23:20:08'),
(375, '1537596737_3_690591.jpg', 156, '2018-09-22 00:12:18', '2018-09-22 00:12:18'),
(376, '1537596738_3_817637.jpg', 156, '2018-09-22 00:12:18', '2018-09-22 00:12:18'),
(377, '1537596738_3_424423.jpg', 156, '2018-09-22 00:12:18', '2018-09-22 00:12:18'),
(378, '1537597630_1_326025.jpg', 158, '2018-09-22 00:27:11', '2018-09-22 00:27:11'),
(379, '1537610168_3_583412.jpg', 159, '2018-09-22 03:56:09', '2018-09-22 03:56:09'),
(380, '1537610169_3_673851.jpg', 159, '2018-09-22 03:56:10', '2018-09-22 03:56:10'),
(381, '1537610170_3_211032.jpg', 159, '2018-09-22 03:56:10', '2018-09-22 03:56:10'),
(382, '1537679046_6_449261.jpg', 162, '2018-09-22 23:04:07', '2018-09-22 23:04:07'),
(383, '1537679052_6_292449.jpg', 163, '2018-09-22 23:04:12', '2018-09-22 23:04:12'),
(384, '1537693321_1_344425.jpg', 169, '2018-09-23 03:02:01', '2018-09-23 03:02:01'),
(385, '1537693321_1_912464.jpg', 169, '2018-09-23 03:02:02', '2018-09-23 03:02:02'),
(386, '1537693322_1_700377.jpg', 169, '2018-09-23 03:02:02', '2018-09-23 03:02:02'),
(387, '1537693593_3_135824.jpg', 170, '2018-09-23 03:06:33', '2018-09-23 03:06:33'),
(388, '1537693593_3_285766.jpg', 170, '2018-09-23 03:06:33', '2018-09-23 03:06:33'),
(389, '1537693593_3_454632.jpg', 170, '2018-09-23 03:06:34', '2018-09-23 03:06:34'),
(390, '1537693777_1_364846.jpg', 171, '2018-09-23 03:09:37', '2018-09-23 03:09:37'),
(391, '1537693777_1_824571.jpg', 171, '2018-09-23 03:09:37', '2018-09-23 03:09:37'),
(392, '1537693777_1_691515.jpg', 171, '2018-09-23 03:09:37', '2018-09-23 03:09:37'),
(393, '1537693832_3_429391.jpg', 172, '2018-09-23 03:10:32', '2018-09-23 03:10:32'),
(394, '1537693832_3_708390.jpg', 172, '2018-09-23 03:10:32', '2018-09-23 03:10:32'),
(395, '1537693832_3_721614.jpg', 172, '2018-09-23 03:10:32', '2018-09-23 03:10:32'),
(396, '1537694066_3_502482.jpg', 175, '2018-09-23 03:14:26', '2018-09-23 03:14:26'),
(397, '1537694066_3_578055.jpg', 175, '2018-09-23 03:14:27', '2018-09-23 03:14:27'),
(398, '1537694067_3_666079.jpg', 175, '2018-09-23 03:14:28', '2018-09-23 03:14:28'),
(399, '1537694068_3_542202.jpg', 175, '2018-09-23 03:14:28', '2018-09-23 03:14:28'),
(400, '1537759088_3_848509.jpg', 179, '2018-09-23 21:18:09', '2018-09-23 21:18:09'),
(401, '1537759089_3_817412.gif', 179, '2018-09-23 21:18:09', '2018-09-23 21:18:09'),
(403, '1537759108_12_722000.jpg', 181, '2018-09-23 21:18:28', '2018-09-23 21:18:28'),
(404, '1537759280_1_698546.JPG', 182, '2018-09-23 21:21:23', '2018-09-23 21:21:23'),
(495, '1537763092_30_428016.jpg', 216, '2018-09-23 22:24:53', '2018-09-23 22:24:53'),
(496, '1537765472_2_536918.jpg', 217, '2018-09-23 23:04:33', '2018-09-23 23:04:33'),
(497, '1537765476_2_967733.jpg', 218, '2018-09-23 23:04:36', '2018-09-23 23:04:36'),
(498, '1537765476_7_207378.jpg', 219, '2018-09-23 23:04:37', '2018-09-23 23:04:37'),
(499, '1537765480_10_288557.jpg', 220, '2018-09-23 23:04:40', '2018-09-23 23:04:40'),
(500, '1537765485_12_523698.jpg', 223, '2018-09-23 23:04:45', '2018-09-23 23:04:45'),
(501, '1537765493_6_326367.jpg', 224, '2018-09-23 23:04:54', '2018-09-23 23:04:54'),
(502, '1537765494_11_944886.jpg', 225, '2018-09-23 23:04:54', '2018-09-23 23:04:54'),
(503, '1537765495_2_668582.jpg', 226, '2018-09-23 23:04:55', '2018-09-23 23:04:55'),
(504, '1537765497_2_584585.jpg', 227, '2018-09-23 23:04:58', '2018-09-23 23:04:58'),
(505, '1537765498_2_979519.jpg', 228, '2018-09-23 23:04:58', '2018-09-23 23:04:58'),
(506, '1537765498_2_948014.jpg', 229, '2018-09-23 23:04:58', '2018-09-23 23:04:58'),
(507, '1537765510_31_723533.png', 230, '2018-09-23 23:05:11', '2018-09-23 23:05:11'),
(508, '1537765511_31_398684.jpg', 230, '2018-09-23 23:05:11', '2018-09-23 23:05:11'),
(509, '1537765511_31_348127.JPG', 230, '2018-09-23 23:05:11', '2018-09-23 23:05:11'),
(510, '1537765515_31_648965.png', 231, '2018-09-23 23:05:16', '2018-09-23 23:05:16'),
(511, '1537765516_31_334446.jpg', 231, '2018-09-23 23:05:16', '2018-09-23 23:05:16'),
(512, '1537765516_31_327566.JPG', 231, '2018-09-23 23:05:16', '2018-09-23 23:05:16'),
(513, '1537765516_31_792654.png', 232, '2018-09-23 23:05:17', '2018-09-23 23:05:17'),
(514, '1537765517_31_103122.jpg', 232, '2018-09-23 23:05:18', '2018-09-23 23:05:18'),
(515, '1537765518_31_469514.JPG', 232, '2018-09-23 23:05:18', '2018-09-23 23:05:18'),
(516, '1537765524_31_276712.png', 233, '2018-09-23 23:05:24', '2018-09-23 23:05:24'),
(517, '1537765524_31_280433.jpg', 233, '2018-09-23 23:05:24', '2018-09-23 23:05:24'),
(518, '1537765524_31_777160.JPG', 233, '2018-09-23 23:05:25', '2018-09-23 23:05:25'),
(519, '1537765526_31_717371.png', 234, '2018-09-23 23:05:26', '2018-09-23 23:05:26'),
(520, '1537765526_31_786505.jpg', 234, '2018-09-23 23:05:26', '2018-09-23 23:05:26'),
(521, '1537765527_31_608147.JPG', 234, '2018-09-23 23:05:27', '2018-09-23 23:05:27'),
(522, '1537765558_11_655113.jpg', 235, '2018-09-23 23:05:58', '2018-09-23 23:05:58'),
(523, '1537765558_11_457906.jpg', 235, '2018-09-23 23:05:58', '2018-09-23 23:05:58'),
(524, '1537765558_11_647114.jpg', 235, '2018-09-23 23:05:59', '2018-09-23 23:05:59'),
(525, '1537765571_10_793107.jpg', 236, '2018-09-23 23:06:11', '2018-09-23 23:06:11'),
(526, '1537765571_10_427610.jpg', 236, '2018-09-23 23:06:11', '2018-09-23 23:06:11'),
(527, '1537765571_10_493901.jpg', 236, '2018-09-23 23:06:11', '2018-09-23 23:06:11'),
(528, '1537765571_10_657712.jpg', 236, '2018-09-23 23:06:12', '2018-09-23 23:06:12'),
(529, '1537765572_10_444871.jpg', 236, '2018-09-23 23:06:12', '2018-09-23 23:06:12'),
(530, '1537765577_12_722229.jpg', 237, '2018-09-23 23:06:17', '2018-09-23 23:06:17'),
(531, '1537765577_12_185189.jpg', 237, '2018-09-23 23:06:17', '2018-09-23 23:06:17'),
(532, '1537765628_14_860965.png', 238, '2018-09-23 23:07:08', '2018-09-23 23:07:08'),
(533, '1537765635_14_325293.png', 239, '2018-09-23 23:07:16', '2018-09-23 23:07:16'),
(534, '1537765638_14_383151.png', 240, '2018-09-23 23:07:19', '2018-09-23 23:07:19'),
(535, '1537765639_14_413929.png', 241, '2018-09-23 23:07:20', '2018-09-23 23:07:20'),
(536, '1537765639_14_802791.png', 242, '2018-09-23 23:07:20', '2018-09-23 23:07:20'),
(537, '1537765639_14_686992.png', 243, '2018-09-23 23:07:20', '2018-09-23 23:07:20'),
(538, '1537765640_14_575894.png', 244, '2018-09-23 23:07:20', '2018-09-23 23:07:20'),
(539, '1537765648_14_646883.png', 245, '2018-09-23 23:07:29', '2018-09-23 23:07:29'),
(540, '1537765649_14_801696.png', 246, '2018-09-23 23:07:29', '2018-09-23 23:07:29'),
(541, '1537765649_14_547200.png', 247, '2018-09-23 23:07:29', '2018-09-23 23:07:29'),
(542, '1537765649_14_122085.png', 248, '2018-09-23 23:07:30', '2018-09-23 23:07:30'),
(543, '1537765699_7_536962.jpg', 249, '2018-09-23 23:08:19', '2018-09-23 23:08:19'),
(544, '1537765699_7_777586.jpg', 249, '2018-09-23 23:08:20', '2018-09-23 23:08:20'),
(545, '1537765700_7_397835.jpg', 249, '2018-09-23 23:08:20', '2018-09-23 23:08:20'),
(546, '1537765700_7_529770.jpg', 249, '2018-09-23 23:08:20', '2018-09-23 23:08:20'),
(547, '1537765874_1_312667.jpg', 250, '2018-09-23 23:11:14', '2018-09-23 23:11:14'),
(548, '1537765874_1_154336.jpg', 250, '2018-09-23 23:11:14', '2018-09-23 23:11:14'),
(549, '1537765874_1_835602.jpg', 250, '2018-09-23 23:11:14', '2018-09-23 23:11:14'),
(550, '1537765874_1_112196.jpg', 250, '2018-09-23 23:11:14', '2018-09-23 23:11:14'),
(551, '1537766151_1_536637.jpg', 251, '2018-09-23 23:15:52', '2018-09-23 23:15:52'),
(552, '1537766152_1_508925.jpg', 251, '2018-09-23 23:15:52', '2018-09-23 23:15:52'),
(553, '1537766152_1_689428.jpg', 251, '2018-09-23 23:15:52', '2018-09-23 23:15:52'),
(554, '1537766152_1_247436.jpg', 251, '2018-09-23 23:15:52', '2018-09-23 23:15:52'),
(555, '1537766152_1_281319.jpg', 251, '2018-09-23 23:15:52', '2018-09-23 23:15:52'),
(556, '1537766152_1_327642.jpg', 251, '2018-09-23 23:15:53', '2018-09-23 23:15:53'),
(557, '1537766153_1_427814.jpg', 251, '2018-09-23 23:15:53', '2018-09-23 23:15:53'),
(558, '1537865343_33_430917.jpg', 254, '2018-09-25 02:49:04', '2018-09-25 02:49:04'),
(559, '1537865388_33_991447.png', 255, '2018-09-25 02:49:48', '2018-09-25 02:49:48'),
(562, '1537867465_24_473973.JPG', 257, '2018-09-25 03:24:27', '2018-09-25 03:24:27'),
(563, '1537867466_24_482525.JPG', 258, '2018-09-25 03:24:28', '2018-09-25 03:24:28'),
(564, '1537867467_24_539382.JPG', 259, '2018-09-25 03:24:29', '2018-09-25 03:24:29'),
(565, '1537867467_24_221621.JPG', 257, '2018-09-25 03:24:29', '2018-09-25 03:24:29'),
(566, '1537867468_24_992346.JPG', 258, '2018-09-25 03:24:30', '2018-09-25 03:24:30'),
(567, '1537867469_24_571848.JPG', 259, '2018-09-25 03:24:30', '2018-09-25 03:24:30'),
(568, '1537867503_24_696662.JPG', 260, '2018-09-25 03:25:05', '2018-09-25 03:25:05'),
(569, '1537867504_24_689353.JPG', 261, '2018-09-25 03:25:06', '2018-09-25 03:25:06'),
(570, '1537867505_24_537727.JPG', 260, '2018-09-25 03:25:07', '2018-09-25 03:25:07'),
(571, '1537867506_24_658838.JPG', 261, '2018-09-25 03:25:07', '2018-09-25 03:25:07'),
(572, '1537943952_3_180207.jpg', 262, '2018-09-26 00:39:12', '2018-09-26 00:39:12'),
(573, '1537943953_3_581419.jpg', 262, '2018-09-26 00:39:13', '2018-09-26 00:39:13'),
(574, '1537943953_3_754416.jpg', 262, '2018-09-26 00:39:13', '2018-09-26 00:39:13'),
(575, '1537943953_3_932116.jpg', 262, '2018-09-26 00:39:13', '2018-09-26 00:39:13'),
(576, '1537943953_3_632147.jpg', 262, '2018-09-26 00:39:13', '2018-09-26 00:39:13'),
(577, '1537943953_3_756428.jpg', 262, '2018-09-26 00:39:14', '2018-09-26 00:39:14'),
(578, '1537943954_3_479499.jpg', 262, '2018-09-26 00:39:14', '2018-09-26 00:39:14'),
(579, '1537943954_3_453709.jpg', 262, '2018-09-26 00:39:14', '2018-09-26 00:39:14'),
(580, '1537962309_37_209885.JPG', 271, '2018-09-26 05:45:12', '2018-09-26 05:45:12'),
(581, '1537962672_36_635400.jpg', 274, '2018-09-26 05:51:13', '2018-09-26 05:51:13'),
(582, '1537963137_21_785191.jpg', 286, '2018-09-26 05:58:57', '2018-09-26 05:58:57'),
(583, '1537963141_21_958914.jpg', 287, '2018-09-26 05:59:01', '2018-09-26 05:59:01'),
(584, '1537963141_21_987226.jpg', 288, '2018-09-26 05:59:01', '2018-09-26 05:59:01'),
(585, '1537963141_21_949743.jpg', 289, '2018-09-26 05:59:01', '2018-09-26 05:59:01'),
(586, '1537963141_21_552516.jpg', 290, '2018-09-26 05:59:02', '2018-09-26 05:59:02'),
(587, '1537963142_21_586742.jpg', 291, '2018-09-26 05:59:02', '2018-09-26 05:59:02'),
(588, '1537963149_21_483840.jpg', 292, '2018-09-26 05:59:09', '2018-09-26 05:59:09'),
(589, '1537963151_21_106507.jpg', 293, '2018-09-26 05:59:11', '2018-09-26 05:59:11'),
(590, '1537963151_21_504326.jpg', 294, '2018-09-26 05:59:12', '2018-09-26 05:59:12'),
(591, '1537963152_21_967839.jpg', 295, '2018-09-26 05:59:12', '2018-09-26 05:59:12'),
(592, '1537963152_21_599739.jpg', 296, '2018-09-26 05:59:12', '2018-09-26 05:59:12'),
(593, '1537963161_21_686850.jpg', 297, '2018-09-26 05:59:21', '2018-09-26 05:59:21'),
(594, '1537963165_21_922204.jpg', 298, '2018-09-26 05:59:25', '2018-09-26 05:59:25'),
(595, '1537963165_21_911944.jpg', 299, '2018-09-26 05:59:25', '2018-09-26 05:59:25'),
(596, '1537963165_21_774104.jpg', 300, '2018-09-26 05:59:25', '2018-09-26 05:59:25'),
(597, '1537963165_21_601790.jpg', 301, '2018-09-26 05:59:25', '2018-09-26 05:59:25'),
(598, '1537963169_21_129667.jpg', 302, '2018-09-26 05:59:30', '2018-09-26 05:59:30'),
(599, '1537963170_21_364520.jpg', 303, '2018-09-26 05:59:30', '2018-09-26 05:59:30'),
(600, '1537963170_21_537063.jpg', 304, '2018-09-26 05:59:30', '2018-09-26 05:59:30'),
(601, '1537963177_21_667566.jpg', 305, '2018-09-26 05:59:37', '2018-09-26 05:59:37'),
(602, '1537963177_21_438748.jpg', 306, '2018-09-26 05:59:37', '2018-09-26 05:59:37'),
(603, '1537963177_21_546396.jpg', 307, '2018-09-26 05:59:37', '2018-09-26 05:59:37'),
(604, '1537963177_21_645495.jpg', 308, '2018-09-26 05:59:37', '2018-09-26 05:59:37'),
(605, '1538021706_1_599379.jpg', 314, '2018-09-26 22:15:07', '2018-09-26 22:15:07'),
(606, '1538021707_1_615355.jpg', 314, '2018-09-26 22:15:07', '2018-09-26 22:15:07'),
(607, '1538021707_1_905699.jpg', 314, '2018-09-26 22:15:07', '2018-09-26 22:15:07'),
(608, '1538021708_1_102312.jpg', 314, '2018-09-26 22:15:08', '2018-09-26 22:15:08'),
(609, '1538021708_1_193348.jpg', 314, '2018-09-26 22:15:08', '2018-09-26 22:15:08'),
(610, '1538021708_1_717338.jpg', 314, '2018-09-26 22:15:09', '2018-09-26 22:15:09'),
(611, '1538021927_1_373607.jpg', 315, '2018-09-26 22:18:47', '2018-09-26 22:18:47'),
(612, '1538021927_1_576223.jpg', 315, '2018-09-26 22:18:47', '2018-09-26 22:18:47'),
(613, '1538021927_1_479150.jpg', 315, '2018-09-26 22:18:48', '2018-09-26 22:18:48'),
(614, '1538021928_1_767481.jpg', 315, '2018-09-26 22:18:48', '2018-09-26 22:18:48'),
(615, '1538021928_1_396330.jpg', 315, '2018-09-26 22:18:48', '2018-09-26 22:18:48'),
(616, '1538021928_1_425345.jpg', 315, '2018-09-26 22:18:49', '2018-09-26 22:18:49'),
(617, '1538021951_1_576801.jpg', 316, '2018-09-26 22:19:11', '2018-09-26 22:19:11'),
(618, '1538021951_1_339895.jpg', 316, '2018-09-26 22:19:11', '2018-09-26 22:19:11'),
(619, '1538021951_1_632494.jpg', 316, '2018-09-26 22:19:12', '2018-09-26 22:19:12'),
(620, '1538021952_1_192011.jpg', 316, '2018-09-26 22:19:12', '2018-09-26 22:19:12'),
(621, '1538021952_1_829243.jpg', 316, '2018-09-26 22:19:12', '2018-09-26 22:19:12'),
(622, '1538021952_1_387216.jpg', 316, '2018-09-26 22:19:13', '2018-09-26 22:19:13'),
(623, '1538021953_1_326826.jpg', 316, '2018-09-26 22:19:13', '2018-09-26 22:19:13'),
(624, '1538021953_1_970804.jpg', 316, '2018-09-26 22:19:13', '2018-09-26 22:19:13'),
(625, '1538021953_1_216444.jpg', 316, '2018-09-26 22:19:14', '2018-09-26 22:19:14'),
(626, '1538022089_1_522783.jpg', 317, '2018-09-26 22:21:29', '2018-09-26 22:21:29'),
(627, '1538029772_11_502835.jpg', 322, '2018-09-27 06:29:32', '2018-09-27 06:29:32'),
(628, '1538029772_11_967952.jpg', 322, '2018-09-27 06:29:32', '2018-09-27 06:29:32'),
(629, '1538029772_11_953964.jpg', 322, '2018-09-27 06:29:32', '2018-09-27 06:29:32'),
(630, '1538034977_40_670594.jpg', 325, '2018-09-27 07:56:18', '2018-09-27 07:56:18'),
(631, '1538034978_40_913117.jpg', 325, '2018-09-27 07:56:18', '2018-09-27 07:56:18'),
(632, '1538034979_40_486371.png', 325, '2018-09-27 07:56:19', '2018-09-27 07:56:19'),
(633, '1538034979_40_397397.jpg', 325, '2018-09-27 07:56:19', '2018-09-27 07:56:19'),
(634, '1538034979_40_250291.jpg', 325, '2018-09-27 07:56:19', '2018-09-27 07:56:19'),
(635, '1538034979_40_353659.jpg', 325, '2018-09-27 07:56:20', '2018-09-27 07:56:20'),
(636, '1538034980_40_528970.jpg', 325, '2018-09-27 07:56:20', '2018-09-27 07:56:20'),
(637, '1538035346_1_189961.jpg', 327, '2018-09-27 08:02:26', '2018-09-27 08:02:26');

-- --------------------------------------------------------

--
-- Table structure for table `posts`
--

CREATE TABLE `posts` (
  `id` int(10) UNSIGNED NOT NULL,
  `content` text COLLATE utf8mb4_unicode_ci NOT NULL,
  `privacy` varchar(191) COLLATE utf8mb4_unicode_ci NOT NULL,
  `user_id` int(10) UNSIGNED DEFAULT NULL,
  `created_at` timestamp NULL DEFAULT NULL,
  `updated_at` timestamp NULL DEFAULT NULL
) ENGINE=InnoDB DEFAULT CHARSET=utf8mb4 COLLATE=utf8mb4_unicode_ci;

--
-- Dumping data for table `posts`
--

INSERT INTO `posts` (`id`, `content`, `privacy`, `user_id`, `created_at`, `updated_at`) VALUES
(73, 'esmail post', 'public', 6, '2018-09-12 22:33:49', '2018-09-12 22:33:49'),
(81, 'beautiful', 'public', 4, '2018-09-12 22:34:15', '2018-09-12 22:34:15'),
(82, 'second post', 'public', 6, '2018-09-12 22:34:28', '2018-09-12 22:34:28'),
(83, 'Logo post', 'public', 2, '2018-09-12 22:34:39', '2018-09-12 22:34:39'),
(84, 'আজ ১২ সেপ্টেম্বর বাউল শাহ আবদুল করিমের মৃত্যুদিবস।', 'public', 1, '2018-09-12 22:35:14', '2018-09-12 22:35:14'),
(86, 'hjkyik', 'public', 2, '2018-09-12 22:36:14', '2018-09-12 22:36:14'),
(87, 'আগামী প্রজন্মের হাতে একটি উন্নয়নমুখী বাংলাদেশ উপহার দিতে হলে দেশের শিক্ষা ব্যবস্থার পরিবর্তন প্রয়োজন। আর সেজন্য মেধাবী শিক্ষার্থীদের জন্য সুযোগ সৃষ্টি করতে হবে সরকারি এবং বেসরকারি উদ্যোগের।\r\n\r\nদেশের বর্তমান শিক্ষা ব্যবস্থায় একমুখী শিক্ষা পদ্ধতি না থাকার কারণে সৃষ্টি হচ্ছে নানা জটিলতা। সমাজের উচ্চবিত্ত এবং মধ্যবিত্ত শ্রেণি তাদের সন্তানদের চেষ্টা করে ইংরেজি মাধ্যমে পড়াশোনা করাতে। এর কারণ হলো এ মাধ্যম বর্তমান বিশ্বে সকল দেশে গ্রহণযোগ্য শিক্ষা পদ্ধতি। এ মাধ্যমে উচ্চ শিক্ষার জন্য বিদেশে যাবার সুযোগ সুবিধা ও সম্ভাবনা বেশি।\r\n\r\nআমাদের প্রচলিত শিক্ষাব্যবস্থাতে বিভিন্ন ধরনের পরিবর্তন আসছে বিগত কয়েক বছর যাবত। যার ফল হিসাবে শিক্ষার গুণগতমান প্রশ্নবিদ্ধ হয়ে উঠেছে অভিভাবক ও ছাত্রছাত্রীদের কাছে। প্রকৃতভাবে এ পরিস্থিতিতে  শিক্ষার হার বাড়ানোর চেয়ে শিক্ষার মানের দিকে দৃষ্টি দেয়া অতীব জরুরি হয়ে পড়েছে।\r\n\r\nপ্রতিনিয়ত শিক্ষার্থীরা নানা প্রতিবন্ধকতার শিকার হচ্ছে। উচ্চ শিক্ষা গ্রহণের ক্ষেত্রে তৈরি হচ্ছে শঙ্কা। ফলশ্রুতিতে ইংরেজি মাধ্যমের তরুণ মেধাবী শিক্ষার্থীরা বিদেশে পড়াশোনা করতে আগ্রহী হয়ে পড়ছে বিশেষ করে। আর সে কারণে পরিবারিকভাবে অর্থ যোগাড় করে বা নিজেদের মেধা দিয়ে ভালো ফলাফল অর্জন করে উন্নত শিক্ষালাভের জন্য বিশ্বের বিভিন্ন দেশে চলে যায়। বর্তমানে ইংল্যান্ড, অস্ট্রেলিয়া ও  আমেরিকাতে এ ধরনের শিক্ষার্থীর পরিমাণ অনেক। এখানে যে বিষয়টি লক্ষ্যণীয় তা হলো এসব দেশের বিশ্ববিদ্যালয়গুলোতে ইংরেজি মাধ্যমের ছেলে-মেয়েরা সুযোগ গ্রহণ করতে পারে বেশি। যেহেতু তাদের ও লেবেল  এবং এ লেবেল পরীক্ষা হয় আর্ন্তজাতিকমানের। তাদের পরীক্ষার ফলাফল উন্নত বিশ্বের বিশ্ববিদ্যালয়গুলো যাচাই বাছাই করতে পারে সহজে।\r\n\r\nতবে দুঃখের বিষয় হলো যে, বিদেশে অধ্যয়নে আগ্রহী বা অধ্যয়নরত  মেধাবী শিক্ষার্থীদের জন্য সরকারি বা বেসরকারি পর্যায়ে তেমন কোন সুযোগ সুবিধা প্রদানের কোন ব্যবস্থা আমাদের দেশে নাই। যা বিশ্বের অনেক দেশে আছে। উন্নত বিশ্বের দেশ ছাড়া ও মালেশিয়া, ভারতে সে দেশের শিক্ষার্থীদের বিদেশে পড়াশোনার জন্য বৃত্তি ও ব্যাংক ঋণের সুবিধা রয়েছে। যা তার শিক্ষাজীবন শেষে কর্ম জীবনে গিয়ে পরিশোধ করে কিস্তিতে। যদিও ইদানিং বেসরকারি কিছু ব্যাংক অভিভাবকদের লেনদেন বিবেচনা করে ঋণ দিয়ে থাকে। সেখানে শিক্ষার্থীর মেধা অবস্থান মুখ্য বিষয় নয়। আর এটা সবার পক্ষে নেয়া সম্ভব হয় না। তাই অনেক ক্ষেত্রে মা বাবা নিজের সবটুকু সম্বল দিয়ে সন্তানকে উচ্চশিক্ষার জন্য বিদেশে পাঠায়। ছেলেমেয়েরা সেখানে পড়ার পাশাপাশি কাজ করে। এতে করে পড়াশোনা শেষে বিদেশে নিশ্চিত ভবিষ্যৎ পায় বলে দেশে ফিরে আসে না তারা। এভাবেই দেশের মেধা দিনের পর দিন চলে যাচ্ছে বিদেশে।\r\n\r\nকিন্তু দেশের উন্নয়নকে গতিশীল করতে হলে বিদেশে পড়াশোনা করা ছেলে মেয়েদেরকে দেশমুখী করার জন্য সরকারকে অবশ্যই উদ্যোগ গ্রহণ করতে হবে। সরকারি বেসরকারিভাবে উচ্চ শিক্ষার জন্য মেধাভিত্তিক বৃত্তি ও ঋণ প্রদানের ব্যবস্থা করতে হবে। আর এ কাজটি করার জন্য শিক্ষা ব্যবস্থাপনাতে কিছু উদ্যোগ গ্রহণ করতে হবে।     \r\n \r\nমেধা যাচাইয়ের ক্ষেত্রে যে পদ্ধতিতে বৃটিশ কাউন্সিল এবং বিভিন্ন শিক্ষা প্রতিষ্ঠান কাজ করে তাদের সাথে সমন্বয় সাধন করে কাজ করতে হবে। এক্ষেত্রে দেখা যায়  দেশের বেসরকারি ইংরেজি মাধ্যমের স্কুল এবং বিভিন্ন শিক্ষা প্রতিষ্ঠান তাদের  শিক্ষার্থীদের বিদেশে গিয়ে পড়াশোনা করা সুযোগসহ নানাবিধ ব্যবস্থা করে দেয়। এ প্রতিষ্ঠানগুলো বিদেশের বিভিন্ন ইউনিভার্সিটির সাথে পারস্পরিক সম্পর্ক স্থাপন করে দেশের ছাত্রদের বিদেশে পড়ার মাধ্যম হিসাবে কাজ করে। তবে এ প্রতিষ্ঠানগুলো আর্থিকভাবে কোন সহায়ক ভূমিকা পালন করতে পারে না।  \r\n\r\nবিদেশের স্কলারশিপের ক্ষেত্রে বহির্বিশ্বের বিশ্ববিদ্যালয় বা শিক্ষা প্রতিষ্ঠানগুলো শিক্ষার্থীর পরীক্ষার ফলাফলের ভিত্তিতে সিদ্ধান্ত গ্রহণ করে তাদের নীতিমালা অনুসরন করে।এক্ষেত্রে  বাংলাদেশ সরকারও বিদেশে অধ্যয়ন ইচ্ছুক বা অধ্যয়ন রত ছাত্রছাত্রীদের জন্য অন্যান্য দেশের মত নীতিমালাকে বিবেচনা করতে পারে। এখানে তারা যে ভাবে স্কলার শিপ প্রদান করে তাদের সাথে একই ভাবে সংযুক্ত হতে পারে।\r\n\r\nঅন্যদিকে দেশে অধ্যয়নরত ছেলে মেয়েদেরকে তাদের পরীক্ষার ভালো ফলাফলের জন্য বেসরকারি বিভিন্ন প্রতিষ্ঠান বা সরকার একটি নিদিষ্ট পরিমাণের টাকা এককালীন বৃত্তি দেয় পুরস্কার হিসাবে। যা পড়াশোনার ব্যয়ে কোন প্রভাব ফেলে না। কিন্তু এ বৃত্তির ক্ষেত্রে  যদি একজন ছাত্রের পড়াশোনা শেষ করা পর্যন্ত টিউশন ফিকে মানদণ্ড ধরে প্রদান করা হয় তবে তা তার কাজে লাগবে অনেকাংশে ।\r\n\r\nবলা হয়ে থাকে দেশের মেধা পাচার হয়ে যাচ্ছে। কিন্ত প্রশ্ন হলো সরকারের শিক্ষা ব্যবস্থাপনা কি বলতে পারবে দেশের কতজন মেধাবী ছেলেমেয়ে বিদেশে পড়াশোনা করছে। কিংবা তাদের সার্বিক অবস্থা কি? নাকি এ বিষয়গুলোকে জানার কোন প্রক্রিয়া দেশে আছে। \r\n\r\nদেশের মেধাকে দেশ কাজে লাগাতে হলে মেধাবী ছাত্রদের সহযোগিতা প্রদান করতে হবে। আর এ জন্য তাদেরকে সার্বিক সহযোগিতা দিতে হবে। তবে এর পাশাপাশি তাদেরকে অবশ্যই পড়াশোনা শেষে দেশে এসে কাজ করার অঙ্গীকার করতে হবে। এ দায়বদ্ধতা অবশ্যই থাকতে হবে বৃত্তি বা আর্থিক সহযোগিতার ক্ষেত্রে। যে যে ক্ষেত্রে সফলতা অর্জন করবে তার জন্য সে ক্ষেত্রে কর্মসংস্থান সৃষ্টি করবে সরকার বা বেসরকারী প্রতিষ্ঠান। \r\n\r\nবিদেশে যে স্কলারশিপ দিয়ে থাকে তা সরাসরি ছাত্রের টিউশন ফি খাতে জমা হয়ে যায় ইউনিভার্সিটিতে। দেশ থেকে প্রাপ্ত স্কলারশিপও একইভাবে প্রদান করা হলে নিয়মের ব্যত্যয় হবার সুযোগ নেই।\r\n\r\nবিশ্বের বিভিন্ন দেশে শিক্ষার্থীদের যেভাবে ব্যাংক ঋণ দিয়ে থাকে দেশের ব্যাংকগুলো একই পদ্ধতি অনুসরণ করবে। সাধারণত বিদেশে অবস্থানরত ছাত্র ছাত্রীদের ষ্টুডেন্ট ফাইল করতে হয় ব্যাংকে। বিশ্ববিদ্যালয়ের টিউশন ফিসহ আনুষঙ্গিক সকল কিছুর একটি হিসাব ব্যাংকে প্রদান করে উক্ত শিক্ষা প্রতিস্টান। সে হিসাব অনুসরণ করে যে সব ব্যাংক ষ্টুডেন্ট ফাইলের কাজ করে তারা ছাত্রদের ঋণ সুবিধা দিতে পারে। কারণ সেসব ব্যাংক তাদের শিক্ষার সকল সনদপত্র গ্রহন করে নিয়ম অনুসারে। একই ভাবে এখানে অঙ্গীকারনামা থাকবে অভিভাবক এবং শিক্ষার্থীর। অবশ্যই এর পর্যবেক্ষণ করতে হবে যথাযথভাবে ব্যাংককে। \r\n\r\nএ প্রক্রিয়াগুলো নিয়ে এক ধরনের অনিশ্চয়তা হয়ত বা রয়েছে ব্যাংক সেক্টরে। এর পেছনে রয়েছে অনিয়ম আর দুর্নীতি। কিন্তু আগামী প্রজন্মকে আমরা যদি সততা আর নিষ্ঠা সহকারে তাদের প্রতি আমাদের  দায়িত্ব পালন করছি দেখাতে পারি তবে তারা অসততা শিখবে না। কারণ বিদেশে পড়া ছেলেমেয়েরা দেশে থেকে গিয়ে যে জীবন দেখে তা তাদের চিন্তা চেতনা পরিবর্তন করে দেয় অনেকভাবে। যার কারণে দেশে এসে অনেক কিছুতে নিজেদের খাপ খাওয়াতে না পেরে হতাশ হয়ে বিদেশে চলে যেতে চায়।\r\n\r\nসরকারি-বেসরকারি খাতে মেধার বিকাশে আরও বেশি সুচিন্তিতভাবে কাজ করতে হবে। ৫০০০ টাকা করে গড় হারে বৃত্তি দিয়ে শিক্ষাখাতে সুযোগ সৃষ্টি হচ্ছে বলা হলেও ভাবা প্রয়োজন আসলে কি হচ্ছে? অনেক মেধাবী ছেলে-মেয়ে শুধু অর্থের কারণে নিজেকে আগামী দিনের জন্য তৈরী করতে পারছে না। এ খাতে আলাদা একটি সেল গঠন করা যেতে পারে প্রধানমন্ত্রীর কার্যালয়, শিক্ষা এবং বৈদিশিক মন্ত্রণালয়কে সংযুক্ত করে।\r\n\r\nবিদেশে সরকারিভাবে শুধু শ্রমবাজার নিয়ে বৈঠক করার পাশাপাশি শিক্ষার প্রসারের আলোচনা এবং প্রস্তাবনা রাখা যেতে পারে উন্নত দেশগুলোর সরকার ও বিভিন্ন  শিক্ষা প্রতিষ্ঠানের সাথে।\r\n\r\nসরকারিভাবে চিকিৎসা ও নানা কারণে জন্য যেমন আর্থিক সহায়তা দেয়া হয় তেমনি বিদেশে পড়ুয়া ছেলে-মেয়েদের সহায়তা দিলে তারাই হবে ভিশন-২০২১ এর অগ্রপথিক। কারণ তথাকথিত রাজনীতির বাইরে তারা কাজ করবে তাদের মেধা আর অগ্রগামী চিন্তা চেতনা দিয়ে। ভুলে গেলে চলবে না অর্থনৈতিক মুক্তি না হলে এ স্বাধীন বাংলায় বঙ্গবন্ধুর সোনার বাংলা হবে না। আর তাই অর্থনৈতিক মুক্তির জন্য দেশের মেধাকে বিদেশেমুখী হতে দেয়া যাবে না। বরং দেশে এনে ব্যবহার করতে হবে শতভাগে।', 'public', 4, '2018-09-12 22:36:46', '2018-09-12 22:36:46'),
(88, 'আজ ১২ সেপ্টেম্বর বাউল শাহ আবদুল করিমের মৃত্যুদিবস।', 'public', 25, '2018-09-12 22:37:29', '2018-09-12 22:37:29'),
(93, 'some text', 'public', 2, '2018-09-12 23:09:19', '2018-09-12 23:09:19'),
(94, 'IOS buji nah', 'public', 14, '2018-09-12 23:09:27', '2018-09-12 23:09:27'),
(95, 'Wordpress post', 'public', 2, '2018-09-12 23:09:52', '2018-09-12 23:09:52'),
(96, 'Wordpress post', 'public', 2, '2018-09-12 23:09:55', '2018-09-12 23:09:55'),
(101, 'Why do we use it?\r\nIt is a long established fact that a reader will be distracted by the readable content of a page when looking at its layout. The point of using Lorem Ipsum is that it has a more-or-less normal distribution of letters, as opposed to using \'Content here, content here\', making it look like readable English. Many desktop publishing packages and web page editors now use Lorem Ipsum as their default model text, and a search for \'lorem ipsum\' will uncover many web sites still in their infancy. Various versions have evolved over the years, sometimes by accident, sometimes on purpose (injected humour and the like).', 'public', 7, '2018-09-12 23:13:09', '2018-09-12 23:13:09'),
(102, 'Why do we use it?\r\nIt is a long established fact that a reader will be distracted by the readable content of a page when looking at its layout. The point of using Lorem Ipsum is that it has a more-or-less normal distribution of letters, as opposed to using \'Content here, content here\', making it look like readable English. Many desktop publishing packages and web page editors now use Lorem Ipsum as their default model text, and a search for \'lorem ipsum\' will uncover many web sites still in their infancy. Various versions have evolved over the years, sometimes by accident, sometimes on purpose (injected humour and the like).', 'public', 7, '2018-09-12 23:13:28', '2018-09-12 23:13:28'),
(103, 'বিশ্বখ্যাত প্রযুক্তি প্রতিষ্ঠান অ্যাপল নতুন সংস্করণের আইফোন বাজারে এনেছে।\r\nযে তিনটি নতুন সংস্করণের আইফোন উন্মুক্ত করা হয়েছে, সেগুলো হচ্ছে - \'আইফোন এক্সএস\', \'আইফোন এক্সএস ম্যাক্স\' এবং আইফোন এক্সআর ।', 'public', 2, '2018-09-12 23:13:55', '2018-09-12 23:13:55'),
(104, 'হঠাৎ বন্ধ ফেসবুক!!!!!!!!!!!\r\n\r\nশুক্রবার হঠাৎই বাংলাদেশসহ বিশ্বের বেশ কয়েকটি দেশে সামাজিক যোগাযোগ মাধ্যম ফেসবুক বন্ধ হয়ে যায়। কেউ কেউ আংশিকভাবে ব্যবহার করতে পারলেও বেশিরভাগই বন্ধ পেয়েছেন।\r\n\r\nবাংলাদেশে শুক্রবার রাতে অনেকেই ফেসবুক ব্যবহার করতে সমস্যায় পড়েন। অনেকের প্রোফাইল লোড হতে সমস্যা দেখা যায়। \r\nডেইলি মেইল ও খালিজ টাইমসের এক প্রতিবেদনে বলা হয়েছে, বিশ্বের বেশ কয়েকটি দেশ থেকে ফেসবুক ব্যবহারকারীরা সমস্যায় পড়েন। অনেকেই তাদের সমস্যার কথা আরেক সামাজিক যোগাযোগ মাধ্যম টুইটারে প্রকাশ করেন।', 'public', 2, '2018-09-12 23:15:17', '2018-09-12 23:15:17'),
(105, 'গুগলের ত্রুটি বের করলেন এই কিশোর', 'public', 2, '2018-09-12 23:16:30', '2018-09-12 23:16:30'),
(107, 'Why do we use it?\r\nIt is a long established fact that a reader will be distracted by the readable content of a page when looking at its layout. The point of using Lorem Ipsum is that it has a more-or-less normal distribution of letters, as opposed to using \'Content here, content here\', making it look like readable English. Many desktop publishing packages and web page editors now use Lorem Ipsum as their default model text, and a search for \'lorem ipsum\' will uncover many web sites still in their infancy. Various versions have evolved over the years, sometimes by accident, sometimes on purpose (injected humour and the like).', 'public', 7, '2018-09-12 23:16:52', '2018-09-12 23:16:52'),
(108, 'Why do we use it?\r\nIt is a long established fact that a reader will be distracted by the readable content of a page when looking at its layout. The point of using Lorem Ipsum is that it has a more-or-less normal distribution of letters, as opposed to using \'Content here, content here\', making it look like readable English. Many desktop publishing packages and web page editors now use Lorem Ipsum as their default model text, and a search for \'lorem ipsum\' will uncover many web sites still in their infancy. Various versions have evolved over the years, sometimes by accident, sometimes on purpose (injected humour and the like).', 'public', 7, '2018-09-12 23:18:12', '2018-09-12 23:18:12'),
(110, 'The standard Lorem Ipsum passage, used since the 1500s\r\n\"Lorem ipsum dolor sit amet, consectetur adipiscing elit, sed do eiusmod tempor incididunt ut labore et dolore magna aliqua. Ut enim ad minim veniam, quis nostrud exercitation ullamco laboris nisi ut aliquip ex ea commodo consequat. Duis aute irure dolor in reprehenderit in voluptate velit esse cillum dolore eu fugiat nulla pariatur. Excepteur sint occaecat cupidatat non proident, sunt in culpa qui officia deserunt mollit anim id est laborum.\"', 'public', 7, '2018-09-13 01:13:49', '2018-09-13 01:13:49'),
(111, 'my fifth post', 'friends', 8, '2018-09-13 01:34:17', '2018-09-13 01:34:17'),
(112, 'iPhone X', 'public', 1, '2018-09-13 02:38:46', '2018-09-13 02:38:46'),
(113, 'বাড়িতে তৈরি বেলের শরবত কেন খাবেন?\r\n\r\nগরমে সবাই বেলের ঠান্ডা শরবত খেতে পছন্দ করেন। বেলের শরবতের প্রশংসা অনেকেই শুনেছেন। পুষ্টিবিদেরাও বেলের শরবতের প্রশংসা করেন। তবে তাঁরা বাড়িতে তৈরি বেলের শরবত খাওয়ার কথা বলেন। পুষ্টিবিদেরা বলেন, শরীরের পানিস্বল্পতা দূর করতে বেলের শরবতের তুলনা হয় না। আবার পুষ্টিগুণের দিক দিয়েও এটি অনন্য।\r\n\r\nএক গ্লাস ঠান্ডা শরবত সারা দিনের ক্লান্তি মুছে শরীরকে চাঙা করে তুলতে ভূমিকা রাখে। একই সঙ্গে অবসাদ ঘুচিয়ে দিতেও বেশ কার্যকর।\r\n\r\nবেল আমাদের দেশের দারুণ জনপ্রিয় একটি ফল। বাংলাদেশ ছাড়াও এশিয়ার কয়েকটি দেশে বেল পাওয়া যায়। বেশি বেল পাওয়া যায় শ্রীলঙ্কা, পাকিস্তান, নেপাল, মিয়ানমার, ভিয়েতনাম, থাইল্যান্ড, কম্বোডিয়া ও লাওসে। আয়ুর্বেদশাস্ত্রেও বেলের নানা গুণের কথা বলা হয়।\r\n\r\nবেলের শক্ত খোলসের ভেতর থাকা নরম মজ্জা বা শাঁস সরাসরি খাওয়া যায় বা তা দিয়ে শরবত তৈরি করা যায়। বেলের শরবত খুব পুষ্টিকর। এটি নানা রোগের বিরুদ্ধে লড়ার পাশাপাশি ত্বক ভালো রাখে এবং চুল পড়া ঠেকায়। বেল পেটের নানা রোগ সারাতে জাদুর মতো কাজ করে। কাঁচা বেল ডায়রিয়া ও আমাশায় রোগের ওষুধ হিসেবেও বিবেচিত। বেলে আছে প্রচুর পরিমাণ ভিটামিন সি, ভিটামিন এ, ক্যালসিয়াম, ফসফরাস ও পটাশিয়াম।\r\n\r\nপুষ্টিবিদ আখতারুন্নাহার আলোর তথ্য অনুযায়ী, প্রতি ১০০ গ্রাম বেলে রয়েছে পানি ৫৪ দশমিক ৯৬ থেকে ৬১ দশমিক ৫ গ্রাম, প্রোটিন ১ দশমিক ৮ মিলিগ্রাম, স্নেহ পদার্থ শূন্য দশমিক ২ থেকে শূন্য দশমিক ৩৯ গ্রাম, শর্করা ২৮ দশমিক ১১ থেকে ৩১ দশমিক ৮ গ্রাম, ক্যারোটিন ৫৫ মিলিগ্রাম, থায়ামিন শূন্য দশমিক ১৩ মিলিগ্রাম, নিয়াসিন ১ দশমিক ১৯ মিলিগ্রাম। কোষ্ঠকাঠিন্য সারাতে বেলের ভূমিকা অনেক। বেল পেটের নানা অসুখ সারিয়ে তোলে। বেলে রয়েছে প্রচুর ভিটামিন সি। প্রচুর ফাইবার বা আঁশ থাকে, যা ব্রণ সারিয়ে তোলে। নিয়মিত বেল খেলে কোলন ক্যানসার হওয়ার আশঙ্কা কমে যায়। পেট ঠান্ডা রাখে। এ কারণে অনেকে গরমের সময় বেলের শরবত খায়। বেলের ভিটামিন এ চোখের অভ্যন্তরীণ ও বাহ্যিক অঙ্গগুলো ভালো রাখে।', 'public', 12, '2018-09-15 00:19:55', '2018-09-15 00:19:55'),
(114, 'some text', 'friends', 10, '2018-09-15 00:20:13', '2018-09-15 00:20:13'),
(115, 'some image', 'friends', 10, '2018-09-15 00:21:00', '2018-09-15 00:21:00'),
(116, '‘ম্যাংখুত’-এর আঘাতে বিধ্বস্ত ফিলিপাইন.....ফ্লোরেন্সের আঘাতে ক্ষতবিক্ষত আমেরিকা। মার্কিনদের ঘা না শুকাতেই দক্ষিণ এশিয়ার দেশ ফিলিপাইনে আঘাত হেনেছে সুপার টাইফুন ‘ম্যাংখুত’। স্থানীয় সময় আজ শনিবার এটি ফিলিপাইনের উপকূলে আঘাত হানে। বলা হচ্ছে ম্যাংখুত এ বছরে সবচেয়ে শক্তিশালী ঘূর্ণিঝড়। এটি ফিলিপাইনের উত্তর উপকূলীয় অঞ্চলে আঘাত হেনেছে। ঘূর্ণিঝড়কবলিত এলাকায় ভারী বৃষ্টিপাত ও ঝোড়ো হাওয়া বয়ে চলেছে। ফিলিপাইনের উপকূলীয় দ্বীপ লুজোনের বৈদ্যুতিক খুঁটি ও বাড়িঘর ঘূর্ণিঝড়ে ভেঙে গেছে। বিবিসি অনলাইনের এক প্রতিবেদনে এসব তথ্য দেওয়া হয়েছে।', 'public', 12, '2018-09-15 00:21:17', '2018-09-15 00:21:17'),
(117, 'ক্রিকেটের ময়দানে ভারত-পাকিস্তান লড়াইকে সীমান্ত যুদ্ধ বলেই মনে করেন রবিচন্দ্র অশ্বিন। দুই দেশের ক্রিকেটপ্রেমীদের কাছে এই দ্বৈরথ ভীষণ উত্তেজনার। আগুনে ম্যাচ বলতে যা বোঝায় আরকি। কিন্তু সাম্প্রতিক বছরগুলোয় সেই আগুনের মাঝেই যেন ফুটছে সম্প্রীতির ফুল!\r\n\r\nগত এশিয়া কাপ থেকে শুরু করা যায়। সেই টুর্নামেন্টে বিরাট কোহলির কাছে একটি ব্যাট চেয়েছিলেন মোহাম্মদ আমির। চিরপ্রতিদ্বন্দ্বী দলের খেলোয়াড় হলেও কোহলি কিন্তু আমিরের আবদার রেখেছিলেন। গত টি-টোয়েন্টি বিশ্বকাপে পাকিস্তানি পেসারকে নিজের একটি ব্যাট উপহার দিয়েছিলেন কোহলি। তখন আমিরের অভিব্যক্তি ছিল দেখার মতো। সংবাদমাধ্যমেও আলোড়ন তুলেছিল দুজনের এই সম্প্রীতির দৃশ্য।\r\n\r\nসেই টুর্নামেন্টে আরেকটি ঘটনা পাক-ভারত দ্বৈরথ নিয়ে ইতিবাচক ছাপ ফেলেছিল ক্রিকেটপ্রেমীদের। ইডেন গার্ডেনে অনুশীলনের ফাঁকে সুরেশ রায়নাকে দেখে তাঁকে জড়িয়ে ধরেছিলেন শোয়েব মালিক। করমর্দন করে দুই প্রতিবেশীর দ্বৈরথকে দিয়েছিলেন অন্য মাত্রা। আসলে মাঠের লড়াইয়ে যত শত্রুতাই থাকুক না কেন মাঠের বাইরে দুই দলের মধ্যকার ক্রিকেটারদের মধ্যে সৌজন্য বিনিময় নতুন কিছু নয়। আর শোয়েব মালিক ভারতের জামাই বলেই হয়তো আলাদা একটা নৈকট্য অনুভব করেন। পাকিস্তানি এই অলরাউন্ডারকে এবারের এশিয়া কাপেও দেখা গেছে চিরপ্রতিদ্বন্দ্বীদের শিবিরে গিয়ে সৌজন্য বিনিময় করতে।\r\n\r\nদুবাইয়ে কাল একই সময়ে অনুশীলনে নেমেছিল ভারত ও পাকিস্তান। এ সময় ভারতের শিবিরে গিয়ে মহেন্দ্র সিং ধোনির সঙ্গে গিয়ে দেখা করেন শোয়েব মালিক। এ সময় দুজন হাত মিলিয়ে হালকা মেজাজে বেশ কিছুক্ষণ মজাও করেছেন। ধোনিকে দেখা গেল রোদ চশমা খুলে হাসতে হাসতে কী যেন বলছেন। শোয়েবও হেসে হেসে তার জবাব দিচ্ছেন। দুজন হয়তো ফিরে গিয়েছিলেন ১১ বছর আগের বিশ্বকাপে। ২০০৭ টি-টোয়েন্টি বিশ্বকাপে পাকিস্তানের বিপক্ষে ভারতের অধিনায়ক হিসেবে অভিষেক ঘটেছিল ধোনির। তখন পাকিস্তানের অধিনায়ক ছিলেন শোয়েব মালিক। আর ধোনির সেই অভিষেকের দিনটা ছিল কাল!\r\n\r\nশোয়েব হয়তো ধোনিকে সেই স্মৃতিই মনে করিয়ে দিয়েছেন। দুজনের কেউ এখন আর দলের নেতৃত্বে নেই। কিন্তু ভীষণ গুরুত্বপূর্ণ খেলোয়াড়। দুই দলের এই দুই সিনিয়র খেলোয়াড়ের সম্প্রীতি নিঃসন্দেহে অন্য মাত্রা যোগ করেছে এবার এশিয়া কাপের ভারত-পাকিস্তান দ্বৈরথে। সামাজিক যোগাযোগমাধ্যমে দুজনের এই সম্ভাষণ বিনিময় ভীষণ সাড়া ফেলেছে। বুধবার দুবাইয়ে ভারতের মুখোমুখি হবে পাকিস্তান।', 'public', 11, '2018-09-15 00:21:37', '2018-09-15 00:21:37'),
(120, 'i love barisal', 'public', 8, '2018-09-15 00:29:20', '2018-09-15 00:29:20'),
(121, 'এশিয়া কাপ মানেই সেই যন্ত্রণা!!!', 'public', 26, '2018-09-15 00:30:17', '2018-09-15 00:30:17'),
(122, '<h3>হালাল খাবারের অ্যাপস হাংরিফোরহালাল</h3>\r\nনিউইয়র্কের কুইন্স কলেজের শিক্ষার্থীদের একটি দল হালাল খাবার খোঁজার অ্যাপস তৈরি করেছে। হাংরিফরহালাল (Hungry4Halal) নামের এই অ্যাপসের মাধ্যমে ব্যবহারকারীরা নিউইয়র্কের বিভিন্ন এলাকায় হালাল খাবারের প্রাপ্যতা সম্পর্কে জানতে পারবেন। গত ১৯ আগস্ট অ্যাপসটি চালু করা হয়। এক মাসের মধ্যেই অ্যাপসটি ব্যাপক জনপ্রিয়তা অর্জন করেছে।', 'public', 7, '2018-09-15 01:14:41', '2018-09-15 01:14:41'),
(123, 'বাংলাদেশের দখলে দুবাই!', 'public', 1, '2018-09-16 03:49:31', '2018-09-16 03:49:31'),
(124, 'বৃহত্তর জাতীয় ঐক্য’ কোথায় গিয়ে দাঁড়াবে?\nনির্বাচন কমিশনে নিবন্ধন না থাকা জামায়াতে ইসলামী প্রশ্নে বিপাকে ‘বৃহত্তর ঐক্য প্রক্রিয়া’। গত শনিবার জাতীয় প্রেসক্লাবে যুক্তফ্রন্টের সভাপতি এ কিউ এম বদরুদ্দোজা চৌধুরী ও জাতীয় ঐক্য প্রক্রিয়ার আহ্বায়ক ড. কামাল হোসেনের যৌথ ঘোষণার একটি অংশের কারণে ‘বৃহত্তর জাতীয় ঐক্য’ কোথায় গিয়ে দাঁড়াবে, তা নিয়ে রাজনৈতিক অঙ্গনে আলোচনা শুরু হয়েছে।\n\nযৌথ ঘোষণার ওই অংশ কেবল বিএনপিকে ঐক্য প্রক্রিয়ার বাইরে রাখার জন্য রাখা হয়েছে কি না, এমন সন্দেহ প্রকাশ করেছেন বিএনপির কয়েকজন নেতা। তা ছাড়া ‘পরোক্ষ’ স্বাধীনতাবিরোধী দল বা ব্যক্তি কী, তা নিয়ে আলোচনা চলছে বলে জানিয়েছেন ওই নেতারা।\n\nবি. চৌধুরী ও ড. কামাল হোসেনের ঘোষণায় এক জায়গায় বলা হয়েছে, ‘প্রত্যক্ষ বা পরোক্ষ স্বাধীনতাবিরোধী রাজনৈতিক দল ও ব্যক্তিরা ছাড়া এবং মুক্তিযুদ্ধের চেতনায় বিশ্বাসী রাজনৈতিক দল, সামাজিক শক্তি ও নাগরিক সমাজ এই ঐক্য প্রক্রিয়ায় আসতে পারবে।’ বিএনপি বলছে, ‘পরোক্ষ’ স্বাধীনতাবিরোধী বলতে কী বোঝানো হচ্ছে, সেটা ঘোষণায় স্পষ্ট করা হয়নি।\n\nবিকল্পধারার যুগ্ম সাধারণ সম্পাদক ও বি. চৌধুরীর ছেলে মাহী বি. চৌধুরী বলেছেন, প্রত্যক্ষ স্বাধীনতাবিরোধী দল কারা, সেটা স্পষ্ট। কিন্তু কোনো দল যদি স্বাধীনতাবিরোধী ব্যক্তিদের নির্বাচনে মনোনয়ন দেয়, সেই দলের সঙ্গেও ঐক্য হবে না। তিনি বলেন, স্বাধীনতাবিরোধী ‘দল’ বা ‘ব্যক্তিদের’ পুরোপুরি বর্জন করতে হবে।\n\nবিএনপির দুজন দায়িত্বশীল নেতা গতকাল রোববার আলাপকালে প্রথম আলোকে বলেন, তাঁদের দলের মহাসচিবই বলেছেন, ছাড় দিয়ে হলেও জাতীয় ঐক্য গড়তে চান তারা। এ জন্য ২০-দলীয় জোটকে আলাদা রেখে কেবল বিএনপি ঐক্য প্রক্রিয়ায় আসতে চেয়েছে। দলীয় চেয়ারপারসন খালেদা জিয়ার মুক্তির দাবি না থাকা সত্ত্বেও বৃহত্তর জাতীয় ঐক্যের সঙ্গে মিলে যুগপৎ কর্মসূচিও পালনেরও পক্ষে ছিল বিএনপি। কিন্তু বি. চৌধুরী ও ড. কামাল হোসেনের ঘোষণার পর মনে হচ্ছে, ‘কেউ’ বা ‘কোনো জায়গা’ থেকে ঐক্য প্রক্রিয়াকে বাধাগ্রস্ত করার চেষ্টা হচ্ছে। ওই দুই নেতা বলেন, আজ-কালের মধ্যে দলীয় ফোরামে বিষয়টি নিয়ে আলোচনা হবে। বি. চৌধুরী ও ড. কামালের সঙ্গে আলোচনা করে পরবর্তী পদক্ষেপ নেওয়া। তবে যা করা হবে, তা দ্রুতই করা হবে এবং বিএনপি বৃহত্তর ঐক্য গড়ার ব্যাপারে খুবই আশাবাদী।\n\nঅবশ্য বিএনপির এক নেতা বলেছেন, ঐক্য প্রক্রিয়ার ঘোষণায় এই অংশে বিএনপিকে ইঙ্গিত করা হয়েছে কি না, তা বোঝার চেষ্টা করছেন।\n\nগণফোরামের কার্যকরী সভাপতি সুব্রত চৌধুরী ও নাগরিক ঐক্যের আহ্বায়ক মাহমুদুর রহমান মান্না বলছেন, তাঁরা সুষ্ঠু নির্বাচন অনুষ্ঠানের জন্য পাঁচ দফা দাবি জানিয়েছেন। এই দাবিতে ২২ সেপ্টেম্বর ঢাকায় সমাবেশ করা হবে। তাঁদের কর্মসূচি হবে শান্তিপূর্ণ ও অহিংস। তাঁরা বলেন, পাশাপাশি ঐক্যের উদ্দেশ্য তো রাজনীতিতে গুণগত পরিবর্তন আনা। সবাই তো বলছে, স্বাধীনতাবিরোধীদের সঙ্গে জোট নয়। এখানেও সেটিই বলা হয়েছে। যারা জাতীয় ঐক্য প্রক্রিয়ায় আসতে চাইবে, তারা তা মেনে নিয়েই আসবে', 'friends', 8, '2018-09-17 01:31:26', '2018-09-17 01:31:26'),
(125, 'Chemical transformation or change, often accompanied by a release of energy, that occurs naturally over time, is purposefully induced or accelerated in a laboratory, or is designed as a part of an industrial process.\n\nRead more: http://www.businessdictionary.com/definition/reaction.html', 'friends', 1, '2018-09-19 01:05:56', '2018-09-19 01:05:56'),
(126, 'Chemical transformation or change, often accompanied by a release of energy, that occurs naturally over time, is purposefully induced or accelerated in a laboratory, or is designed as a part of an industrial process.\n\nRead more: http://www.businessdictionary.com/definition/reaction.html', 'friends', 1, '2018-09-19 01:06:08', '2018-09-19 01:06:08'),
(127, 'When properly managed, creativity can be found in any employee, regardless of the job description. On the whole, creative people typically fall into a variety of categories, ranging from those who are quick and dramatic to people who are careful and quiet. But one thing remains true of all: most creative ideas are not flashes of inspiration in an individual\'s head but rather come from how people identify, create, store, share and use the knowledge they\'re exposed to in their surrounding environment.', 'public', 1, '2018-09-19 01:07:12', '2018-09-19 01:07:12'),
(128, 'a8dfh9r78hyfgvfuhrt978hgdngjertgu7g9rge8tgreghn', 'public', 2, '2018-09-19 02:17:42', '2018-09-19 02:17:42'),
(129, 'test', 'public', 1, '2018-09-20 01:38:11', '2018-09-20 01:38:11'),
(130, 'test', 'public', 1, '2018-09-20 01:40:10', '2018-09-20 01:40:10'),
(131, 'hi', 'public', 1, '2018-09-20 01:43:06', '2018-09-20 01:43:06'),
(132, 'Pushar Post', 'public', 11, '2018-09-20 01:43:47', '2018-09-20 01:43:47'),
(133, 'BARISAL', 'friends', 8, '2018-09-20 01:43:57', '2018-09-20 01:43:57'),
(135, 'test message', 'public', 1, '2018-09-20 03:56:44', '2018-09-20 03:56:44'),
(136, 'test post', 'friends', 1, '2018-09-21 21:37:22', '2018-09-21 21:37:22'),
(137, 'gdgd', 'public', 6, '2018-09-21 23:12:49', '2018-09-21 23:12:49'),
(138, 'লক্ষ্মীপুর-৪ (রামগতি-কমলনগর) আসনে বিভিন্ন দলের মনোনয়ন–প্রত্যাশীদের প্রায় সবাই ঢাকায় অবস্থান করছেন। নিজ নিজ দলের মনোনয়ন নিশ্চিত করার জন্য সংশ্লিষ্টদের সঙ্গে যোগাযোগ রক্ষা করতে তাঁরা সেখানে ব্যস্ত সময় কাটাচ্ছেন বলে জানা গেছে।\n\nতবে গত ঈদের আগে এবং পরে প্রায় দুই সপ্তাহ ধরে বিভিন্ন দলের মনোনয়ন–প্রত্যাশীরা এলাকায় গণসংযোগ করেছেন। অনেককেই সাধারণ লোকজনের সঙ্গে শুভেচ্ছা বিনিময় করতে দেখা গেছে।\n\nরামগতি উপজেলার ১টি পৌরসভা ও ৮টি ইউনিয়ন এবং কমলনগর উপজেলার ৯টি ইউনিয়ন নিয়ে এ আসনটি (লক্ষ্মীপুর-৪) গঠিত। বর্তমানে এ আসনে মোট ভোটার সংখ্যা ৩ লাখ ১১ হাজার ৯৮৮। এর মধ্যে পুরুষ ভোটার ১ লাখ ৫৬ হাজার ৮০৭ ও মহিলা ভোটার ১ লাখ ৫৫ হাজার ১৮১। \nএই আসনের বর্তমান সাংসদ আওয়ামী লীগের মো. আবদুল্লাহ আল্ মামুন। তিনি ছাড়াও দলের মনোনয়ন প্রত্যাশায় মাঠে রয়েছেন কেন্দ্রীয় আওয়ামী লীগের কৃষি ও সমবায় সম্পাদক রামগতি-কমলনগরের সাবেক সংসদ সদস্য (সংরক্ষিত মহিলা আসন) ফরিদুন্নাহার লাইলী এবং কেন্দ্রীয় আওয়ামী লীগের যুব ও ক্রীড়া উপকমিটির সহসম্পাদক আবদুজ্জাহের সাজু।\n\n\nঅন্যদিকে, বিএনপিতে এককভাবে মনোনয়ন–প্রত্যাশী রয়েছেন দুবারের নির্বাচিত সাবেক সংসদ সদস্য এ বি এম আশরাফ উদ্দিন নিজান। আর যুক্তফ্রন্টের অন্যতম শরিক জাতীয় সমাজতান্ত্রিক দল-জেএসডির সভাপতি আ স ম আবদুর রব এখানে জাতীয় ঐক্য প্রক্রিয়ার প্রার্থী হতে পারেন। \nআওয়ামী লীগের দলীয় সূত্রে জানা যায়, মো. আবদুল্লাহ আল্ মামুন ১৫ আগস্ট জাতীয় শোক দিবসের কর্মসূচিকে কেন্দ্র করে এলাকায় এসেছিলেন। ওই সময় সরকারি নানা কাজে তিনি অংশ নিয়েছেন। এ ছাড়া এলাকায় বিভিন্ন স্থানে লোকজনের সঙ্গে ঈদের শুভেচ্ছা বিনিময় ও গণসংযোগ করেছেন তিনি। পরে সংসদ অধিবেশনে যোগ দেওয়ার জন্য তিনি ঢাকায় যান।\n\n\nমো. আবদুল্লাহ আল্ মামুন বলেন, মেঘনার ভয়াবহ ভাঙন রামগতি-কমলনগরের দীর্ঘদিনের সমস্যা। তিনি নির্বাচিত হওয়ার পর এ ভাঙন প্রতিরোধের ব্যবস্থা নেওয়া হয়েছে। এলাকায় দৃশ্যমান নানা উন্নয়ন প্রকল্প বাস্তবায়ন করা হয়েছে। এ কারণে এ আসনের ভোটাররা আওয়ামী লীগ ও তাঁর পাশেই রয়েছেন। এ হিসেবে জনপ্রিয়তা বিবেচনায় তিনিই দলের মনোনয়ন পাবেন বলে আশা তাঁর।\n\n\nদলের অপর মনোনয়ন–প্রত্যাশী ফরিদুন্নাহার লাইলী গত ২৫ আগস্ট এলাকায় আসেন। ওই সময় তিনি বেশ কিছু সামাজিক অনুষ্ঠানে অংশ নেন। এ ছাড়া কমলনগরে বিভিন্ন এলাকায় গণসংযোগ করেন। কমলনগর উপজেলা আওয়ামী লীগের সভাপতি এ কে এম নুরুল আমিন জানান, ফরিদুন্নাহার লাইলী দলীয় কাজ ছাড়াও মনোনয়ন–সংক্রান্ত যোগাযোগের জন্য এখন ঢাকায় অবস্থান করছেন।\n\n\nদলের মনোনয়ন পাওয়ার বিষয়ে ফরিদুন্নাহার লাইলী বলেন, ‘নবম সংসদে সংরক্ষিত মহিলা সংসদ সদস্য হিসেবে রামগতি-কমলনগরে দায়িত্ব পালনের সময় ব্যাপক উন্নয়নকাজ করেছি।’ নেতা-কর্মী ও এলাকার লোকজন তাঁর উন্নয়ন কর্মকাণ্ডকে মনে রেখেছেন বলে তিনি মনে করেন । তাই এলাকাবাসী আগামী সংসদে তাঁকেই দলের প্রার্থী হিসেবে পেতে চাইছেন। এ কারণে তিনিই দলের মনোনয়ন পাবেন বলে আশা করছেন।\n\n\nআওয়ামী লীগের আরেক মনোনয়ন–প্রত্যাশী আবদুজ্জাহের সাজু ঈদের আগে ও পরে প্রায় দুই সপ্তাহ এলাকায় ছিলেন। ওই সময় রামগতি ও কমলনগরের বিভিন্ন ইউনিয়নে তিনি উঠান বৈঠক ও গণসংযোগ করেন। সবশেষ ১৬ সেপ্টেম্বর নেতা-কর্মী ও সমর্থকদের নিয়ে তিনি এলাকায় মোটর শোভাযাত্রা করেন। এখন ঢাকায় অবস্থান করে দলের কাজ করছেন এবং মনোনয়নের ব্যাপারে সংশ্লিষ্টদের সঙ্গে যোগাযোগ রাখছেন বলে জানা গেছে।', 'friends', 8, '2018-09-21 23:13:26', '2018-09-21 23:13:26'),
(140, 'Post1', 'public', 12, '2018-09-21 23:13:30', '2018-09-21 23:13:30'),
(141, 'gdgdgd', 'public', 6, '2018-09-21 23:15:02', '2018-09-21 23:15:02'),
(143, 'Post', 'public', 12, '2018-09-21 23:15:16', '2018-09-21 23:15:16'),
(146, 'ভারত-পাকিস্তান বৈঠক হচ্ছে না\nপাকিস্তানের সঙ্গে বৈঠক হবে—এমন ঘোষণা দেওয়ার ২৪ ঘণ্টার মধ্যে সিদ্ধান্ত বদল করল ভারত। শুক্রবার কাশ্মীরে তিন ভারতীয় পুলিশের লাশ পাওয়ার ঘটনাকে কেন্দ্র করে ভারতের পররাষ্ট্র মন্ত্রণালয় থেকে ওই সিদ্ধান্ত বদলের ঘোষণা আসে। আর এই তিনজনের নিহত হওয়ার ঘটনাকে ভারত দেখছে প্রধানমন্ত্রী ইমরান খান ও পাকিস্তানের ‘অসৎ উদ্দেশ্যের’ অংশ হিসেবে।\n\nএর আগে বৃহস্পতিবার ভারতের পররাষ্ট্র মন্ত্রণালয়ের মুখপাত্র রবীশ কুমার পাকিস্তানের সঙ্গে ভারতের সম্ভাব্য বৈঠকের কথা জানিয়েছিলেন। তিনি বলেছিলেন, নিউইয়র্কে জাতিসংঘের সাধারণ পরিষদের আসন্ন বার্ষিক সভার ফাঁকে ভারতের পররাষ্ট্রমন্ত্রী সুষমা স্বরাজ ও পাকিস্তানের পররাষ্ট্রমন্ত্রী শাহ মাহমুদ কুরেশির মধ্যে বৈঠক হবে।', 'public', 7, '2018-09-21 23:15:51', '2018-09-21 23:15:51'),
(149, 'another post', 'friends', 10, '2018-09-21 23:16:17', '2018-09-21 23:16:17'),
(151, 'Now we can add this notification option.', 'public', 11, '2018-09-21 23:16:47', '2018-09-21 23:16:47'),
(152, 'Now we can add this notification.', 'public', 11, '2018-09-21 23:17:07', '2018-09-21 23:17:07'),
(153, 'ইতিহাস, প্রকৃতি মিলেই গভর্নরস আইল্যান্ড\nরোড আইল্যান্ড থেকে ফোন করে ভাতিজা তন্ময় বলল, ‘আমরা আজ গভর্নরস আইল্যান্ডে যাব।’\nঠিক হলো, ও রওনা হয়ে যাবে সেখান থেকে সকালেই। পারসন্স বুলেভার্ড থেকে এফ ট্রেনে করে ফরেস্ট হিল পর্যন্ত এসে ই ট্রেন ধরে ওয়ার্ল্ড ট্রেড সেন্টারে নামব আমরা। নিউইয়র্ক পৌঁছে তন্ময়ও আরেকটি ট্রেনে করে আসবে এখানে। গ্রাউন্ড জিরো মেমোরিয়াল দেখে হাঁটতে থাকব জেটির দিকে। সেখানে যাওয়ার জন্যও সাবওয়ে বা ট্রেন আছে, কিন্তু ট্রেনে সেখানে যাব না। ও দিকটায় একটু হাঁটাহাঁটি করা হলে তা ম্যানহাটনের সঙ্গে আমাদের আরও একটু বেশি পরিচয় করিয়ে দেবে, তাই হাঁটার প্রস্তুতি নিয়েই আমরা পথ চলেছি। আমরা জানি, এ পথে হাঁটতে হাঁটতে আমরা একসময় পৌঁছে যাব ওয়াল স্ট্রিটে। গতবার শীতের সময় কনকনে ঠান্ডার মধ্যে মার্কিন দেশে আসার পর ওয়াল স্ট্রিটের কাছ থেকেই ফেরিতে করে আমরা লিবার্টি আইল্যান্ডে গিয়েছিলাম। উঠেছিলাম স্ট্যাচু অব লিবার্টিতে।\nগ্রাউন্ড জিরো নিয়ে নতুন করে বলার কিছু নেই। ২০০১ সালে টুইন টাওয়ারে জঙ্গি হামলা এবং প্রায় ৩ হাজার মানুষের নিহত হওয়ার ঘটনা তো ভুলবার নয়। টুইন টাওয়ারের জায়গাটাতেই গড়ে উঠেছে মেমোরিয়াল। কালো পাথর দিয়ে ঘেরা দেয়াল, আর নিচে বিশাল গর্ত, যেখানে ক্রমাগত পড়ছে জলধারা। কালো দেয়ালটায় নিহত সবার নাম লেখা আছে।', 'friends', 7, '2018-09-21 23:19:09', '2018-09-21 23:19:09'),
(154, 'কত দিন পর ভারতীয় দলের জার্সিতে আজ ওয়ানডে খেলতে নেমেছেন রবীন্দ্র জাদেজা? ৪৪২ দিন পর। সেই যে ২০১৭ সালের ৬ জুলাই সাবিনা পার্কে ওয়েস্ট ইন্ডিজের বিরুদ্ধে দেশের হয়ে শেষবার ওয়ানডে খেলেছিলেন। লেগ স্পিনার যুজবেন্দ্র চাহাল ও চায়নাম্যান কুলদীপ যাদবের কারণে দলে ঢোকার কোনো সম্ভাবনাও ছিল না। এর ৪৪২ দিন পর দলে জায়গা পেলেন আজ বাংলাদেশের বিপক্ষে। এত দিনে জাদেজাকে তো ভুলে যাওয়ারই কথা! অথচ তাঁর স্পিনের জবাবই দিতে পারলেন না সাকিবরা। এশিয়া কাপের সুপার ফোরের ম্যাচে প্রায় একাই গুঁড়িয়ে দিলেন বাংলাদেশ দলের ব্যাটিং লাইনআপ।\n\nআজও হয়তো বাংলাদেশের বিপক্ষে মাঠে নামা হতো না জাদেজার! হার্দিক পান্ডিয়ার চোটে শেষ মুহূর্তে একাদশে আসেন এই অলরাউন্ডার। আর ফেরাটা স্মরণীয় করে রাখলেন কীভাবে? ১০ ওভার বল করে দিয়েছেন ২৯ রান। এর বিনিময়ে তুলেছেন ৪ উইকেট। তাঁর শিকার তালিকায় থাকা নামগুলোও দেখুন—সাকিব আল হাসান, মুশফিকুর রহিম, মোহাম্মদ মিঠুন ও মোসাদ্দেক হোসেন।\n\nদুবাই স্টেডিয়ামে জাদেজা যেন হয়ে উঠেছিলেন সাকিব, মুশফিকদের কাছে বড় এক ধাঁধার নাম। তাঁর স্পিনের জবাব নেই কারও ব্যাটেই। না হলে কি আর তাঁর ৪৩ বলই ডট দেয় বাংলাদেশের ব্যাটসম্যানরা? দশম ওভারে জাদেজার হাতে বল তুলে দিয়েছিলেন রোহিত শর্মা। তৃতীয় ও চতুর্থ বলে টানা দুটি চার মেরে সাকিব বুঝিয়ে দিচ্ছিলেন, জাদেজাকে কেন দলের বাইরে রাখে ভারতীয় টিম ম্যানেজমেন্ট। কিন্তু ধোনির এক টোটকায় স্কয়ার লেগে শিখর ধাওয়ানকে ফিল্ডিংয়ে সরিয়ে সাকিবকে ফাঁদে ফেলে উইকেট নেওয়া শুরু হয় তাঁর। এরপর তাঁর শিকার মিঠুন।', 'public', 8, '2018-09-21 23:20:08', '2018-09-21 23:20:08'),
(155, 'my first post', 'public', 3, '2018-09-22 00:10:45', '2018-09-22 00:10:45'),
(156, 'my second post', 'public', 3, '2018-09-22 00:12:17', '2018-09-22 00:12:17'),
(157, 'my third post', 'public', 3, '2018-09-22 00:18:08', '2018-09-22 00:18:08'),
(158, 'testing pusher', 'public', 1, '2018-09-22 00:27:10', '2018-09-22 00:27:10'),
(159, 'Hello from IDBBISEW', 'public', 3, '2018-09-22 03:56:08', '2018-09-22 03:56:08'),
(160, 'This is my friends post.', 'friends', 11, '2018-09-22 22:42:02', '2018-09-22 22:42:02'),
(162, 'tetetetetetete', 'public', 6, '2018-09-22 23:04:06', '2018-09-22 23:04:06'),
(163, 'tetetetetetete', 'public', 6, '2018-09-22 23:04:12', '2018-09-22 23:04:12'),
(164, 'me', 'me', 1, '2018-09-22 23:18:39', '2018-09-22 23:18:39'),
(165, 'abc', 'public', 1, '2018-09-22 23:19:33', '2018-09-22 23:19:33'),
(166, 'abc', 'me', 1, '2018-09-22 23:19:45', '2018-09-22 23:19:45'),
(167, 'Cakes', 'public', 1, '2018-09-23 03:00:25', '2018-09-23 03:00:25'),
(168, 'Cakes', 'public', 1, '2018-09-23 03:01:25', '2018-09-23 03:01:25'),
(169, 'cake', 'public', 1, '2018-09-23 03:02:01', '2018-09-23 03:02:01'),
(170, 'wc 2018', 'public', 3, '2018-09-23 03:06:33', '2018-09-23 03:06:33'),
(171, 'more cake', 'public', 1, '2018-09-23 03:09:37', '2018-09-23 03:09:37'),
(172, 'wc 2018', 'public', 3, '2018-09-23 03:10:32', '2018-09-23 03:10:32'),
(173, 'wc 2018', 'public', 3, '2018-09-23 03:11:03', '2018-09-23 03:11:03'),
(174, 'asd', 'public', 3, '2018-09-23 03:13:34', '2018-09-23 03:13:34'),
(175, 'Moinot Ghat', 'public', 3, '2018-09-23 03:14:26', '2018-09-23 03:14:26'),
(176, 'now single post can be seen from notification', 'friends', 1, '2018-09-23 21:16:09', '2018-09-23 21:16:09'),
(178, 'This is a testing.', 'public', 11, '2018-09-23 21:18:02', '2018-09-23 21:18:02'),
(179, 'post from idbbisew', 'public', 3, '2018-09-23 21:18:08', '2018-09-23 21:18:08'),
(181, 'first Post', 'public', 12, '2018-09-23 21:18:28', '2018-09-23 21:18:28'),
(182, 'another post', 'friends', 1, '2018-09-23 21:21:19', '2018-09-23 21:21:19'),
(183, 'my friends post', 'friends', 3, '2018-09-23 21:22:00', '2018-09-23 21:22:00'),
(184, 'test friends post', 'friends', 1, '2018-09-23 21:25:04', '2018-09-23 21:25:04'),
(185, 'khaled post.', 'public', 29, '2018-09-23 21:26:10', '2018-09-23 21:26:10'),
(216, '১৯ বছরের রেকর্ড ভাঙলেন মাহমুদুল্লাহ-ইমরুল\n\nএশিয়া কাপের সুপার ফোরে রবিবার বাঁচা-মরার ম্যাচে আফগানিস্তানকে ৩ রানে হারিয়ে ফাইনালের স্বপ্ন বাঁচিয়ে রেখেছে বাংলাদেশ। শেষ ওভারে মুস্তাফিজুর রহমানের দুর্দান্ত বোলিং বাংলাদেশের জয় নিশ্চিত করলেও আসলে ম্যাচটিতে লড়াই করার যে রসদ, সেটা এসেছিল ষষ্ঠ উইকেটে মাহমুদুল্লাহ রিয়াদ ও ইমরুল কায়েসের ১২৮ রানের জুটিতে। সেই লড়াইয়ের মধ্যেই ১৯ বছরের একটা রেকর্ডও ভেঙেছেন তারা। গড়েছেন ১২৮ রানের জুটি, যা বাংলাদেশের ওয়ানডে ক্রিকেটের ইতিহাসে ষষ্ঠ উইকেটে সর্বোচ্চ।\n\nএদিন, ৮৭ রানের ৫ উইকেট পড়ে যাওয়ার পর বাংলাদেশ যখন টুর্নামেন্টে আরও একবার ব্যাটিং বিপর্যয়ে ঠিক তখনই ত্রাতা হয়ে ক্রিজে দাঁড়িয়ে যান রিয়াদ ও ইমরুল। ৩ চার এবং ২ ছক্কায় ৭৪ রান করে মাহমুদুল্লাহ রিয়াদ ফিরে গেলেও ৬ চারের সাহায্যে ৭২ রানে অপরাজিত থাকেন ইমরুল কায়েস।\n\nএর আগের রেকর্ড ছিল ১৯৯৯ সালের। সেদিন ওয়েস্ট ইন্ডিজের ২৯৩ রানের লক্ষ্যে ব্যাট করতে নেমে ৯৬ রানে ৫ উইকেট হারানোর পর আল শাহরিয়ার ও খালেদ মাসুদের ষষ্ঠ উইকেটে ১২৩ রানের জুটি দলকে জেতাতে না পারলেও ষষ্ঠ উইকেটে সেটিই ছিল এতদিন বাংলাদেশের সর্বোচ্চ রান।', 'public', 30, '2018-09-23 22:24:52', '2018-09-23 22:24:52'),
(217, 'Happy Smile', 'public', 2, '2018-09-23 23:04:32', '2018-09-23 23:04:32'),
(218, 'Happy Smile', 'public', 2, '2018-09-23 23:04:36', '2018-09-23 23:04:36'),
(219, 'Test post', 'public', 7, '2018-09-23 23:04:36', '2018-09-23 23:04:36'),
(220, 'just1', 'friends', 10, '2018-09-23 23:04:40', '2018-09-23 23:04:40'),
(221, 'ভারতের কাছে পাত্তাই পেল না পাকিস্তান', 'public', 30, '2018-09-23 23:04:41', '2018-09-23 23:04:41'),
(222, 'fsfsf', 'public', 6, '2018-09-23 23:04:43', '2018-09-23 23:04:43'),
(223, 'second post', 'public', 12, '2018-09-23 23:04:44', '2018-09-23 23:04:44'),
(224, 'fsfsffsf', 'public', 6, '2018-09-23 23:04:53', '2018-09-23 23:04:53'),
(225, 'This is our post.', 'friends', 11, '2018-09-23 23:04:53', '2018-09-23 23:04:53'),
(226, 'Happy Smile', 'public', 2, '2018-09-23 23:04:55', '2018-09-23 23:04:55'),
(227, 'Happy Smile', 'public', 2, '2018-09-23 23:04:57', '2018-09-23 23:04:57'),
(228, 'Happy Smile', 'public', 2, '2018-09-23 23:04:57', '2018-09-23 23:04:57'),
(229, 'Happy Smile', 'public', 2, '2018-09-23 23:04:57', '2018-09-23 23:04:57'),
(230, 'new post', 'public', 31, '2018-09-23 23:05:10', '2018-09-23 23:05:10'),
(231, 'new post', 'public', 31, '2018-09-23 23:05:15', '2018-09-23 23:05:15'),
(232, 'new post', 'public', 31, '2018-09-23 23:05:16', '2018-09-23 23:05:16'),
(233, 'new post', 'public', 31, '2018-09-23 23:05:24', '2018-09-23 23:05:24'),
(234, 'new post', 'public', 31, '2018-09-23 23:05:25', '2018-09-23 23:05:25'),
(235, 'Unlimited random practice problems and answers with built-in Step-by-step solutions. Practice online or make a printable study sheet.', 'public', 11, '2018-09-23 23:05:58', '2018-09-23 23:05:58'),
(236, 'The new migration will be placed in your database/migrations directory. Each migration file name contains a timestamp which allows Laravel to determine the order of the migrations.', 'friends', 10, '2018-09-23 23:06:11', '2018-09-23 23:06:11'),
(237, 'secoগত বৃহস্পতিবার দুপুর ১২টা থেকে দীর্ঘ সময় এলাকা ঘুরে এ অবস্থা দেখা যায়। গত বছরের জানুয়ারিতে ঢাকা দক্ষিণ সিটি করপোরেশন (ডিএসসিসি) ঘোষণা দিয়েছিল যে গুলিস্তান, বঙ্গবন্ধু অ্যাভিনিউ, বায়তুল মোকাররম এবং মতিঝিলে বিকেল পাঁচটার আগে হকার বসবে না। কিন্তু বিষয়টা মানা দূরে থাক, বেশির ভাগ এলাকায় সকাল থেকেই হকাররা বসে যাচ্ছে।nd post', 'public', 12, '2018-09-23 23:06:17', '2018-09-23 23:06:17'),
(238, 'go beyond  IDB-BISEW', 'public', 14, '2018-09-23 23:07:08', '2018-09-23 23:07:08'),
(239, 'go beyond  IDB-BISEW', 'public', 14, '2018-09-23 23:07:15', '2018-09-23 23:07:15'),
(240, 'go beyond  IDB-BISEW', 'public', 14, '2018-09-23 23:07:18', '2018-09-23 23:07:18'),
(241, 'go beyond  IDB-BISEW', 'public', 14, '2018-09-23 23:07:19', '2018-09-23 23:07:19'),
(242, 'go beyond  IDB-BISEW', 'public', 14, '2018-09-23 23:07:19', '2018-09-23 23:07:19'),
(243, 'go beyond  IDB-BISEW', 'public', 14, '2018-09-23 23:07:19', '2018-09-23 23:07:19'),
(244, 'go beyond  IDB-BISEW', 'public', 14, '2018-09-23 23:07:20', '2018-09-23 23:07:20'),
(245, 'go beyond  IDB-BISEW', 'public', 14, '2018-09-23 23:07:28', '2018-09-23 23:07:28'),
(246, 'go beyond  IDB-BISEW', 'public', 14, '2018-09-23 23:07:29', '2018-09-23 23:07:29'),
(247, 'go beyond  IDB-BISEW', 'public', 14, '2018-09-23 23:07:29', '2018-09-23 23:07:29'),
(248, 'go beyond  IDB-BISEW', 'public', 14, '2018-09-23 23:07:29', '2018-09-23 23:07:29'),
(249, 'Lorem Ipsum is simply dummy text of the printing and typesetting industry. Lorem Ipsum has been the industry\'s standard dummy text ever since the 1500s, when an unknown printer took a galley of type and scrambled it to make a type specimen book. It has survived not only five centuries, but also the leap into electronic typesetting, remaining essentially unchanged. It was popularised in the 1960s with the release of Letraset sheets containing Lorem Ipsum passages, and more recently with desktop publishing software like Aldus PageMaker including versions of Lorem Ipsum.', 'friends', 7, '2018-09-23 23:08:19', '2018-09-23 23:08:19'),
(250, 'my new post', 'public', 1, '2018-09-23 23:11:14', '2018-09-23 23:11:14'),
(251, 'my new lenovo', 'friends', 1, '2018-09-23 23:15:51', '2018-09-23 23:15:51'),
(252, 'Hello everyone', 'public', 1, '2018-09-25 02:47:26', '2018-09-25 02:47:26'),
(253, 'Hello everyone', 'public', 1, '2018-09-25 02:48:11', '2018-09-25 02:48:11'),
(254, 'Hello mAn', 'public', 33, '2018-09-25 02:49:03', '2018-09-25 02:49:03'),
(255, 'gg', 'public', 33, '2018-09-25 02:49:47', '2018-09-25 02:49:47'),
(257, 'with bro...', 'public', 24, '2018-09-25 03:24:25', '2018-09-25 03:24:25'),
(258, 'with bro...', 'public', 24, '2018-09-25 03:24:26', '2018-09-25 03:24:26'),
(259, 'with bro...', 'public', 24, '2018-09-25 03:24:26', '2018-09-25 03:24:26'),
(260, 'with bro...', 'public', 24, '2018-09-25 03:25:03', '2018-09-25 03:25:03'),
(261, 'with bro...', 'public', 24, '2018-09-25 03:25:04', '2018-09-25 03:25:04'),
(262, 'my new laptop', 'public', 3, '2018-09-26 00:39:12', '2018-09-26 00:39:12'),
(263, 'activity check', 'public', 3, '2018-09-26 00:53:41', '2018-09-26 00:53:41'),
(264, 'How are you? Linkon Vai.', 'friends', 35, '2018-09-26 05:39:47', '2018-09-26 05:39:47'),
(265, 'How are you? Linkon Vai.', 'friends', 35, '2018-09-26 05:39:52', '2018-09-26 05:39:52'),
(266, 'How are you? Linkon Vai.', 'friends', 35, '2018-09-26 05:39:53', '2018-09-26 05:39:53'),
(267, 'How are you? Linkon Vai.', 'friends', 35, '2018-09-26 05:39:53', '2018-09-26 05:39:53'),
(268, 'How are you? Linkon Vai.', 'friends', 35, '2018-09-26 05:39:53', '2018-09-26 05:39:53'),
(269, 'How are you? Linkon Vai.', 'friends', 35, '2018-09-26 05:39:53', '2018-09-26 05:39:53'),
(270, 'message link in home page sidebar\nprofile page chat link icon problem\nin chat page go to profile when icon clicked\nchat notification  in chat icon', 'public', 1, '2018-09-26 05:43:04', '2018-09-26 05:43:04'),
(271, 'Hello', 'public', 37, '2018-09-26 05:45:09', '2018-09-26 05:45:09'),
(272, 'who visited my profile?', 'public', 1, '2018-09-26 05:45:30', '2018-09-26 05:45:30'),
(273, 'Hello every one . i am back', 'public', 36, '2018-09-26 05:50:52', '2018-09-26 05:50:52'),
(274, 'Hello every one . i am back', 'public', 36, '2018-09-26 05:51:12', '2018-09-26 05:51:12'),
(275, 'Please add a image  link , as like as logo icon', 'public', 36, '2018-09-26 05:56:12', '2018-09-26 05:56:12'),
(276, 'hlwwwwwwwwwwwwwwwwwwwwwwww', 'public', 21, '2018-09-26 05:57:07', '2018-09-26 05:57:07'),
(277, 'hlwwwwwwwwwwwwwwwwwwwwwwww', 'public', 21, '2018-09-26 05:57:13', '2018-09-26 05:57:13'),
(278, 'hlwwwwwwwwwwwwwwwwwwwwwwww', 'public', 21, '2018-09-26 05:57:23', '2018-09-26 05:57:23'),
(279, 'hlwwwwwwwwwwwwwwwwwwwwwwww', 'public', 21, '2018-09-26 05:57:26', '2018-09-26 05:57:26'),
(280, 'hlwwwwwwwwwwwwwwwwwwwwwwww', 'public', 21, '2018-09-26 05:57:28', '2018-09-26 05:57:28'),
(281, 'hlwwwwwwwwwwwwwwwwwwwwwwww', 'public', 21, '2018-09-26 05:57:28', '2018-09-26 05:57:28'),
(282, 'hlwwwwwwwwwwwwwwwwwwwwwwww', 'public', 21, '2018-09-26 05:57:28', '2018-09-26 05:57:28'),
(283, 'hlwwwwwwwwwwwwwwwwwwwwwwww', 'public', 21, '2018-09-26 05:57:31', '2018-09-26 05:57:31'),
(284, 'hlwwwwwwwwwwwwwwwwwwwwwwww', 'public', 21, '2018-09-26 05:57:31', '2018-09-26 05:57:31'),
(285, 'hlwwwwwwwwwwwwwwwwwwwwwwww', 'public', 21, '2018-09-26 05:57:35', '2018-09-26 05:57:35'),
(286, 'hlwwwwwwwwwwwwwwwwwwwwwwww', 'public', 21, '2018-09-26 05:58:57', '2018-09-26 05:58:57'),
(287, 'hlwwwwwwwwwwwwwwwwwwwwwwww', 'public', 21, '2018-09-26 05:59:01', '2018-09-26 05:59:01'),
(288, 'hlwwwwwwwwwwwwwwwwwwwwwwww', 'public', 21, '2018-09-26 05:59:01', '2018-09-26 05:59:01'),
(289, 'hlwwwwwwwwwwwwwwwwwwwwwwww', 'public', 21, '2018-09-26 05:59:01', '2018-09-26 05:59:01'),
(290, 'hlwwwwwwwwwwwwwwwwwwwwwwww', 'public', 21, '2018-09-26 05:59:01', '2018-09-26 05:59:01'),
(291, 'hlwwwwwwwwwwwwwwwwwwwwwwww', 'public', 21, '2018-09-26 05:59:02', '2018-09-26 05:59:02'),
(292, 'hlwwwwwwwwwwwwwwwwwwwwwwww', 'public', 21, '2018-09-26 05:59:09', '2018-09-26 05:59:09'),
(293, 'hlwwwwwwwwwwwwwwwwwwwwwwww', 'public', 21, '2018-09-26 05:59:11', '2018-09-26 05:59:11'),
(294, 'hlwwwwwwwwwwwwwwwwwwwwwwww', 'public', 21, '2018-09-26 05:59:11', '2018-09-26 05:59:11'),
(295, 'hlwwwwwwwwwwwwwwwwwwwwwwww', 'public', 21, '2018-09-26 05:59:12', '2018-09-26 05:59:12'),
(296, 'hlwwwwwwwwwwwwwwwwwwwwwwww', 'public', 21, '2018-09-26 05:59:12', '2018-09-26 05:59:12'),
(297, 'hlw', 'public', 21, '2018-09-26 05:59:21', '2018-09-26 05:59:21'),
(298, 'hlw', 'public', 21, '2018-09-26 05:59:25', '2018-09-26 05:59:25'),
(299, 'hlw', 'public', 21, '2018-09-26 05:59:25', '2018-09-26 05:59:25'),
(300, 'hlw', 'public', 21, '2018-09-26 05:59:25', '2018-09-26 05:59:25'),
(301, 'hlw', 'public', 21, '2018-09-26 05:59:25', '2018-09-26 05:59:25'),
(302, 'hlw', 'public', 21, '2018-09-26 05:59:29', '2018-09-26 05:59:29'),
(303, 'hlw', 'public', 21, '2018-09-26 05:59:30', '2018-09-26 05:59:30'),
(304, 'hlw', 'public', 21, '2018-09-26 05:59:30', '2018-09-26 05:59:30'),
(305, 'hlw', 'public', 21, '2018-09-26 05:59:37', '2018-09-26 05:59:37'),
(306, 'hlw', 'public', 21, '2018-09-26 05:59:37', '2018-09-26 05:59:37'),
(307, 'hlw', 'public', 21, '2018-09-26 05:59:37', '2018-09-26 05:59:37'),
(308, 'hlw', 'public', 21, '2018-09-26 05:59:37', '2018-09-26 05:59:37'),
(312, '<iframe width=\"560\" height=\"315\" src=\"https://www.youtube.com/embed/0IReBU7b_ws\" frameborder=\"0\" allow=\"autoplay; encrypted-media\" allowfullscreen></iframe>', 'public', 1, '2018-09-26 06:05:53', '2018-09-26 06:05:53'),
(313, 'message to admin with form', 'public', 1, '2018-09-26 06:07:51', '2018-09-26 06:07:51'),
(314, 'Saree', 'friends', 1, '2018-09-26 22:15:06', '2018-09-26 22:15:06'),
(315, 'Dining Room', 'me', 1, '2018-09-26 22:18:47', '2018-09-26 22:18:47'),
(316, 'Kitchen Room', 'public', 1, '2018-09-26 22:19:11', '2018-09-26 22:19:11'),
(317, 'Checking ajax post', 'public', 1, '2018-09-26 22:21:29', '2018-09-26 22:21:29'),
(318, 'new post from admin with new timezone', 'public', 1, '2018-09-27 04:31:07', '2018-09-27 04:31:07'),
(319, 'post', 'public', 1, '2018-09-27 05:26:11', '2018-09-27 05:26:11'),
(320, 'second post', 'public', 1, '2018-09-27 05:26:22', '2018-09-27 05:26:22'),
(321, 'backdate post', 'friends', 1, '2018-09-24 05:56:40', '2018-09-24 05:56:40'),
(322, 'T-shirt.', 'public', 11, '2018-09-27 06:29:32', '2018-09-27 06:29:32'),
(323, 'new post', 'public', 10, '2018-09-27 06:50:45', '2018-09-27 06:50:45'),
(324, 'Post for time test', 'public', 7, '2018-09-27 07:44:20', '2018-09-27 07:44:20'),
(325, 'My First Post', 'public', 40, '2018-09-27 07:56:17', '2018-09-27 07:56:17'),
(326, 'hello this is my posts.', 'public', 11, '2018-09-27 08:02:05', '2018-09-27 08:02:05'),
(327, 'Post from admin', 'public', 1, '2018-09-27 08:02:26', '2018-09-27 08:02:26');

-- --------------------------------------------------------

--
-- Table structure for table `profiles`
--

CREATE TABLE `profiles` (
  `id` int(10) UNSIGNED NOT NULL,
  `f_name` text COLLATE utf8mb4_unicode_ci NOT NULL,
  `l_name` text COLLATE utf8mb4_unicode_ci NOT NULL,
  `u_mail` varchar(191) COLLATE utf8mb4_unicode_ci NOT NULL,
  `email_verified_at` timestamp NULL DEFAULT NULL,
  `dob` date NOT NULL,
  `sex` varchar(191) COLLATE utf8mb4_unicode_ci NOT NULL,
  `city` text COLLATE utf8mb4_unicode_ci NOT NULL,
  `country` varchar(191) COLLATE utf8mb4_unicode_ci NOT NULL,
  `user_id` int(10) UNSIGNED DEFAULT NULL,
  `pp` varchar(191) COLLATE utf8mb4_unicode_ci NOT NULL,
  `cp` varchar(191) COLLATE utf8mb4_unicode_ci NOT NULL,
  `created_at` timestamp NULL DEFAULT NULL,
  `updated_at` timestamp NULL DEFAULT NULL
) ENGINE=InnoDB DEFAULT CHARSET=utf8mb4 COLLATE=utf8mb4_unicode_ci;

--
-- Dumping data for table `profiles`
--

INSERT INTO `profiles` (`id`, `f_name`, `l_name`, `u_mail`, `email_verified_at`, `dob`, `sex`, `city`, `country`, `user_id`, `pp`, `cp`, `created_at`, `updated_at`) VALUES
(4, 'Farhana', 'Mow', 'farhana@gmail.com', NULL, '2018-09-06', 'on', 'dhaka', 'BGD', 10, '10_profile.png', '10_cover.jpg', '2018-09-15 00:14:48', '2018-09-15 00:14:48'),
(5, 'Najnur', 'Nahar', 'naj@gmail.com', NULL, '1993-01-11', 'on', 'Uttara', 'BGD', 12, '12_profile.jpg', '12_cover.jpg', '2018-09-15 00:15:50', '2018-09-15 00:15:50'),
(6, 'Esmail', 'Hosen', 'esmail4647@gmail.com', NULL, '1990-12-11', 'on', 'Dhaka', 'BGD', 6, '6_profile.jpg', '6_cover.jpg', '2018-09-15 00:16:03', '2018-09-15 00:16:03'),
(9, 'kazi', 'sayed', 'kazisayed207@gmail.com', NULL, '2018-09-18', 'on', 'barisal', 'BGD', 8, '8_profile.jpeg', '8_cover.jpeg', '2018-09-15 00:18:23', '2018-09-15 00:18:23'),
(15, 'MD RUSTOM', 'ALI', 'admin1@gmail.com', NULL, '1989-12-10', 'on', 'Dhaka', 'BGD', 26, '26_profile.jpg', '26_cover.jpg', '2018-09-15 00:25:19', '2018-09-15 00:25:19'),
(16, 'AR', 'Pavel', 'arpavel@gmail.com', NULL, '1992-04-12', 'm', 'Bogura', 'BD', 2, '2_profile.jpg', '2_cover.jpg', '2018-09-15 23:18:04', '2018-09-18 23:00:52'),
(17, 'Abdullah', 'Al-Mamun', 'idbbisew@gmail.com', NULL, '2018-09-01', 'm', 'Dhaka', 'BD', 1, '1_profile.jpg', '1_cover.jpg', '2018-09-18 22:01:42', '2018-09-20 02:12:55'),
(18, 'Khaled', 'Ahmed', 'mithun@mithun.com', NULL, '2001-01-01', 'm', 'Dhaka', 'BD', 11, '11_profile.jpg', '11_cover.jpg', '2018-09-18 23:01:29', '2018-09-18 23:01:29'),
(19, 'Jakir', 'Hossain Sajib', 'jakir@gmail.com', NULL, '2018-09-07', 'm', 'Dhaka', 'BD', 7, '7_profile.jpg', '7_cover.jpg', '2018-09-18 23:08:37', '2018-09-18 23:08:37'),
(21, 'IDB', 'BISEW', 'idbbisew22@gmail.com', NULL, '2018-09-01', 'm', 'Japan', 'JP', 3, '3_profile.jpg', '3_cover.jpg', '2018-09-21 23:51:56', '2018-09-21 23:51:56'),
(22, 'Khaled', 'Ahmed', 'khaled@khaled.com', NULL, '2001-01-01', 'm', 'Dhaka', 'BD', 29, '29_profile.jpg', '29_cover.jpg', '2018-09-23 21:22:31', '2018-09-23 21:22:31'),
(23, 'MD RUSTOM', 'ALI', 'mdrustom172@gmail.com', NULL, '1989-12-10', 'm', 'Mujibnagar', 'BD', 30, '30_profile.jpg', '30_cover.jpg', '2018-09-23 21:38:20', '2018-09-23 21:38:20'),
(24, 'aa', 'bb', 'asamamun@gmail.com', NULL, '2018-09-01', 'm', 'Dhaka', 'BD', 32, '32_profile.jpg', '32_cover.jpg', '2018-09-25 01:21:42', '2018-09-25 01:22:18'),
(25, 'Linkon', 'Zakir', 'linkonzakir@gmail.com', NULL, '2018-09-25', 'm', 'Dhaka', 'BD', 19, '19_profile.jpg', '19_cover.jpg', '2018-09-25 03:20:00', '2018-09-25 03:20:00'),
(26, 'Hasib', 'uzzaman', 'hasib.9437.hu@gmail.com', NULL, '1994-03-22', 'm', 'Dhaka', 'BD', 39, '39_profile.jpg', '39_cover.jpg', '2018-09-26 05:48:54', '2018-09-26 05:48:54'),
(27, 'Tasnia', 'Sompa', 'tasnia.eco@gmail.com', NULL, '1993-07-31', 'f', 'Dhaka', 'BD', 38, '38_profile.jpg', '38_cover.jpg', '2018-09-26 05:50:52', '2018-09-26 05:54:22'),
(28, 'Md. Saiful Islam', 'jewel', 'jewel.rana19051992@gmail.com', NULL, '1993-12-05', 'm', 'Mirpur,Dhaka', 'BD', 21, '21_profile.jpg', '21_cover.jpg', '2018-09-26 05:56:33', '2018-09-26 05:56:33'),
(29, 'TANJIR', 'NUR', 'tanzirnur@gmail.com', NULL, '1992-05-01', 'm', 'Shewrapara', 'BD', 24, '24_profile.JPG', '24_cover.JPG', '2018-09-26 05:57:10', '2018-09-26 05:57:10'),
(30, 'Sakib', 'Khan', 'sakibkhan@gmail.com', NULL, '2018-09-01', 'm', 'Dhaka', 'BD', 40, '40_profile.jpg', '40_cover.jpg', '2018-09-27 07:57:51', '2018-09-27 07:57:51');

-- --------------------------------------------------------

--
-- Table structure for table `reactions`
--

CREATE TABLE `reactions` (
  `id` int(10) UNSIGNED NOT NULL,
  `post_id` int(10) UNSIGNED DEFAULT NULL,
  `user_id` int(10) UNSIGNED DEFAULT NULL,
  `type` enum('l','d','h','s') COLLATE utf8mb4_unicode_ci NOT NULL,
  `created_at` timestamp NULL DEFAULT NULL,
  `updated_at` timestamp NULL DEFAULT NULL
) ENGINE=InnoDB DEFAULT CHARSET=utf8mb4 COLLATE=utf8mb4_unicode_ci;

--
-- Dumping data for table `reactions`
--

INSERT INTO `reactions` (`id`, `post_id`, `user_id`, `type`, `created_at`, `updated_at`) VALUES
(1, 124, 1, 'd', '2018-09-19 00:29:37', '2018-09-19 01:45:48'),
(2, 123, 7, 'l', '2018-09-19 00:31:47', '2018-09-19 00:31:47'),
(3, 124, 7, 'l', '2018-09-19 00:31:56', '2018-09-19 00:31:56'),
(4, 121, 7, 'l', '2018-09-19 00:32:05', '2018-09-19 00:32:05'),
(5, 117, 7, 'h', '2018-09-19 00:32:13', '2018-09-19 00:32:13'),
(6, 116, 7, 's', '2018-09-19 00:32:22', '2018-09-19 00:32:25'),
(7, 115, 7, 's', '2018-09-19 00:32:31', '2018-09-19 00:32:31'),
(8, 127, 11, 's', '2018-09-19 01:08:46', '2018-09-19 01:34:52'),
(9, 125, 11, 's', '2018-09-19 01:08:51', '2018-09-19 01:08:51'),
(10, 124, 11, 'h', '2018-09-19 01:08:56', '2018-09-19 01:47:51'),
(11, 123, 11, 'h', '2018-09-19 01:09:02', '2018-09-19 01:09:02'),
(12, 122, 11, 's', '2018-09-19 01:09:06', '2018-09-19 01:09:06'),
(13, 121, 11, 'd', '2018-09-19 01:09:15', '2018-09-19 01:09:15'),
(14, 127, 8, 'h', '2018-09-19 01:09:27', '2018-09-19 01:45:44'),
(15, 127, 2, 'l', '2018-09-19 01:09:44', '2018-09-19 01:09:44'),
(16, 126, 2, 'l', '2018-09-19 01:09:49', '2018-09-19 01:09:49'),
(17, 125, 2, 's', '2018-09-19 01:09:58', '2018-09-19 02:18:08'),
(18, 124, 2, 's', '2018-09-19 01:10:02', '2018-09-19 02:18:32'),
(19, 123, 2, 'l', '2018-09-19 01:10:08', '2018-09-19 01:10:08'),
(20, 122, 2, 'l', '2018-09-19 01:10:12', '2018-09-19 01:10:12'),
(21, 121, 2, 'h', '2018-09-19 01:10:16', '2018-09-19 01:10:16'),
(22, 117, 2, 'l', '2018-09-19 01:10:23', '2018-09-19 01:10:23'),
(23, 116, 2, 'l', '2018-09-19 01:10:28', '2018-09-19 01:10:28'),
(24, 115, 2, 'h', '2018-09-19 01:10:33', '2018-09-19 01:10:33'),
(25, 114, 2, 'l', '2018-09-19 01:10:36', '2018-09-19 01:10:36'),
(26, 113, 2, 'h', '2018-09-19 01:10:41', '2018-09-19 01:10:41'),
(27, 112, 2, 'l', '2018-09-19 01:10:48', '2018-09-19 01:10:48'),
(28, 111, 2, 'h', '2018-09-19 01:10:51', '2018-09-19 01:10:51'),
(29, 110, 2, 'l', '2018-09-19 01:10:56', '2018-09-19 01:10:56'),
(30, 125, 8, 'l', '2018-09-19 01:10:57', '2018-09-20 02:01:58'),
(31, 108, 2, 'l', '2018-09-19 01:10:59', '2018-09-19 01:10:59'),
(32, 107, 2, 'l', '2018-09-19 01:11:05', '2018-09-19 01:11:05'),
(33, 105, 2, 'l', '2018-09-19 01:11:14', '2018-09-19 01:11:16'),
(34, 120, 11, 's', '2018-09-19 01:11:19', '2018-09-19 01:11:19'),
(35, 117, 11, 'd', '2018-09-19 01:11:26', '2018-09-19 01:11:26'),
(36, 126, 11, 'l', '2018-09-19 01:11:40', '2018-09-19 01:11:40'),
(37, 127, 7, 'h', '2018-09-19 01:21:17', '2018-09-19 02:21:03'),
(38, 120, 1, 'l', '2018-09-19 01:23:12', '2018-09-19 01:23:12'),
(39, 124, 8, 'h', '2018-09-19 01:34:08', '2018-09-20 02:02:26'),
(40, 123, 8, 'd', '2018-09-19 01:34:16', '2018-09-19 01:34:16'),
(41, 122, 8, 'd', '2018-09-19 01:39:52', '2018-09-19 01:39:52'),
(42, 120, 8, 'd', '2018-09-19 01:40:22', '2018-09-19 01:40:22'),
(43, 116, 8, 'd', '2018-09-19 01:40:37', '2018-09-19 01:40:37'),
(44, 127, 1, 's', '2018-09-19 01:40:38', '2018-09-19 03:14:39'),
(45, 126, 1, 'l', '2018-09-19 01:40:55', '2018-09-20 04:08:27'),
(46, 121, 1, 's', '2018-09-19 01:41:21', '2018-09-19 01:41:21'),
(47, 117, 1, 'l', '2018-09-19 01:41:38', '2018-09-19 01:41:38'),
(48, 116, 1, 'd', '2018-09-19 01:43:21', '2018-09-19 01:43:34'),
(49, 125, 1, 'l', '2018-09-19 01:45:44', '2018-09-19 01:45:44'),
(50, 127, 12, 'l', '2018-09-19 01:46:38', '2018-09-20 01:47:52'),
(51, 122, 1, 'l', '2018-09-19 01:47:40', '2018-09-19 01:47:40'),
(52, 125, 10, 'h', '2018-09-19 01:48:43', '2018-09-19 01:48:43'),
(53, 124, 10, 'l', '2018-09-19 01:48:54', '2018-09-19 01:48:54'),
(54, 73, 1, 'h', '2018-09-19 01:54:09', '2018-09-19 01:54:09'),
(55, 121, 10, 'l', '2018-09-19 01:58:19', '2018-09-19 01:58:19'),
(56, 123, 10, 'l', '2018-09-19 02:03:18', '2018-09-19 02:03:18'),
(57, 122, 10, 'l', '2018-09-19 02:11:43', '2018-09-19 02:11:43'),
(58, 107, 10, 'l', '2018-09-19 02:17:30', '2018-09-19 02:17:30'),
(59, 103, 10, 'l', '2018-09-19 02:17:37', '2018-09-19 02:17:37'),
(60, 101, 10, 's', '2018-09-19 02:18:03', '2018-09-19 02:18:03'),
(61, 86, 8, 'l', '2018-09-19 02:18:11', '2018-09-19 02:18:11'),
(62, 87, 8, 'l', '2018-09-19 02:18:39', '2018-09-19 02:18:43'),
(63, 117, 10, 'l', '2018-09-19 02:18:46', '2018-09-19 02:18:46'),
(64, 116, 10, 'l', '2018-09-19 02:18:53', '2018-09-19 02:18:53'),
(65, 115, 10, 'l', '2018-09-19 02:19:00', '2018-09-19 02:19:00'),
(66, 114, 10, 'l', '2018-09-19 02:19:07', '2018-09-19 02:19:07'),
(67, 128, 7, 'l', '2018-09-19 02:21:24', '2018-09-19 02:21:24'),
(68, 126, 7, 'l', '2018-09-19 02:21:37', '2018-09-19 02:21:37'),
(69, 125, 7, 's', '2018-09-19 02:21:46', '2018-09-19 02:21:46'),
(70, 120, 7, 'l', '2018-09-19 02:22:15', '2018-09-19 02:22:15'),
(71, 128, 1, 's', '2018-09-19 03:34:17', '2018-09-19 03:34:17'),
(72, 133, 12, 'l', '2018-09-20 01:45:28', '2018-09-20 01:45:28'),
(73, 132, 12, 'l', '2018-09-20 01:45:45', '2018-09-20 01:45:45'),
(74, 129, 8, 'l', '2018-09-20 01:48:36', '2018-09-20 01:48:36'),
(76, 126, 8, 'h', '2018-09-20 02:02:05', '2018-09-20 02:18:47'),
(78, 133, 1, 'l', '2018-09-20 02:19:06', '2018-09-20 02:19:06'),
(79, 136, 10, 'l', '2018-09-21 21:58:31', '2018-09-21 21:58:31'),
(81, 133, 10, 'l', '2018-09-21 21:58:50', '2018-09-21 21:58:50'),
(82, 132, 10, 'l', '2018-09-21 21:59:04', '2018-09-21 21:59:04'),
(83, 130, 10, 'l', '2018-09-21 22:00:04', '2018-09-21 22:00:04'),
(84, 138, 8, 'h', '2018-09-21 23:15:22', '2018-09-21 23:15:55'),
(86, 140, 8, 'h', '2018-09-21 23:15:35', '2018-09-21 23:15:59'),
(87, 136, 8, 'h', '2018-09-21 23:15:41', '2018-09-21 23:15:41'),
(88, 133, 8, 'h', '2018-09-21 23:15:50', '2018-09-21 23:15:50'),
(89, 153, 1, 'h', '2018-09-21 23:39:10', '2018-09-22 00:18:51'),
(90, 140, 11, 'h', '2018-09-21 23:39:13', '2018-09-21 23:39:13'),
(91, 149, 6, 'l', '2018-09-21 23:39:15', '2018-09-21 23:39:15'),
(92, 153, 4, 'l', '2018-09-21 23:39:18', '2018-09-21 23:39:18'),
(93, 143, 6, 'l', '2018-09-21 23:39:22', '2018-09-21 23:39:22'),
(94, 149, 4, 'l', '2018-09-21 23:39:40', '2018-09-21 23:39:40'),
(95, 152, 10, 'l', '2018-09-21 23:40:13', '2018-09-21 23:40:13'),
(96, 156, 1, 'l', '2018-09-22 00:17:24', '2018-09-22 00:17:24'),
(97, 153, 2, 'd', '2018-09-22 00:18:52', '2018-09-22 00:19:06'),
(98, 153, 12, 'l', '2018-09-22 00:19:09', '2018-09-22 00:37:09'),
(99, 149, 2, 'h', '2018-09-22 00:19:28', '2018-09-22 00:19:28'),
(100, 143, 2, 'h', '2018-09-22 00:19:32', '2018-09-22 00:19:32'),
(102, 141, 2, 'l', '2018-09-22 00:19:49', '2018-09-22 00:19:49'),
(103, 138, 2, 'd', '2018-09-22 00:19:53', '2018-09-22 00:19:53'),
(104, 137, 2, 'l', '2018-09-22 00:20:00', '2018-09-22 00:20:00'),
(105, 153, 7, 's', '2018-09-22 00:20:56', '2018-09-22 00:33:09'),
(106, 149, 11, 'd', '2018-09-22 00:21:19', '2018-09-22 00:21:19'),
(107, 152, 1, 'l', '2018-09-22 00:25:41', '2018-09-22 00:25:41'),
(108, 157, 1, 'h', '2018-09-22 00:26:06', '2018-09-22 00:26:06'),
(109, 149, 1, 'l', '2018-09-22 00:26:45', '2018-09-22 00:26:45'),
(110, 146, 1, 'l', '2018-09-22 00:26:53', '2018-09-22 00:26:53'),
(111, 158, 10, 'l', '2018-09-22 00:28:40', '2018-09-22 00:28:40'),
(112, 158, 11, 'd', '2018-09-22 00:29:47', '2018-09-22 00:29:47'),
(113, 151, 7, 'l', '2018-09-22 00:34:15', '2018-09-22 00:34:15'),
(114, 154, 12, 'd', '2018-09-22 00:35:06', '2018-09-22 22:44:44'),
(115, 158, 7, 'l', '2018-09-22 00:35:44', '2018-09-22 00:35:44'),
(116, 146, 11, 'd', '2018-09-22 00:35:58', '2018-09-22 00:35:58'),
(117, 143, 11, 'd', '2018-09-22 00:36:51', '2018-09-22 00:36:51'),
(118, 158, 3, 'l', '2018-09-22 03:55:29', '2018-09-22 03:55:29'),
(119, 151, 1, 'l', '2018-09-22 03:59:19', '2018-09-22 03:59:19'),
(120, 138, 3, 'l', '2018-09-22 03:59:33', '2018-09-22 03:59:33'),
(121, 115, 12, 'l', '2018-09-22 22:44:28', '2018-09-22 22:44:28'),
(122, 158, 12, 'l', '2018-09-22 22:44:49', '2018-09-22 22:44:49'),
(123, 73, 6, 'l', '2018-09-22 22:50:07', '2018-09-22 22:50:07'),
(124, 181, 12, 'l', '2018-09-23 21:26:12', '2018-09-23 21:26:12'),
(125, 216, 1, 'l', '2018-09-23 23:03:08', '2018-09-23 23:03:08'),
(126, 217, 6, 'l', '2018-09-23 23:10:57', '2018-09-23 23:10:57'),
(127, 184, 2, 'l', '2018-09-23 23:11:01', '2018-09-23 23:11:01'),
(128, 184, 10, 'l', '2018-09-23 23:11:01', '2018-09-23 23:11:01'),
(129, 237, 6, 'l', '2018-09-23 23:11:04', '2018-09-23 23:11:04'),
(130, 236, 2, 'h', '2018-09-23 23:11:05', '2018-09-23 23:11:05'),
(131, 169, 30, 'l', '2018-09-23 23:11:12', '2018-09-23 23:11:12'),
(132, 184, 11, 'h', '2018-09-23 23:11:13', '2018-09-23 23:11:13'),
(133, 236, 6, 'l', '2018-09-23 23:11:13', '2018-09-23 23:11:13'),
(134, 237, 2, 'l', '2018-09-23 23:11:14', '2018-09-23 23:11:14'),
(135, 250, 6, 'l', '2018-09-23 23:11:19', '2018-09-23 23:11:19'),
(136, 250, 14, 'd', '2018-09-23 23:11:19', '2018-09-23 23:12:16'),
(137, 250, 2, 'h', '2018-09-23 23:11:24', '2018-09-23 23:11:36'),
(138, 250, 7, 'h', '2018-09-23 23:11:24', '2018-09-23 23:11:24'),
(139, 250, 12, 'l', '2018-09-23 23:11:25', '2018-09-23 23:11:25'),
(140, 249, 12, 'l', '2018-09-23 23:11:43', '2018-09-23 23:11:43'),
(141, 237, 12, 'l', '2018-09-23 23:11:49', '2018-09-23 23:11:49'),
(142, 249, 1, 's', '2018-09-23 23:13:52', '2018-09-23 23:13:52'),
(143, 246, 1, 'l', '2018-09-23 23:14:07', '2018-09-23 23:14:07'),
(144, 251, 2, 'h', '2018-09-23 23:16:06', '2018-09-23 23:16:06'),
(145, 234, 31, 'l', '2018-09-23 23:27:28', '2018-09-23 23:27:28'),
(146, 251, 6, 'h', '2018-09-23 23:35:55', '2018-09-23 23:36:06'),
(147, 237, 8, 'd', '2018-09-24 23:00:42', '2018-09-24 23:00:42'),
(148, 175, 1, 'l', '2018-09-25 02:42:03', '2018-09-25 02:42:03'),
(149, 243, 1, 'l', '2018-09-25 02:42:12', '2018-09-25 02:42:12'),
(150, 184, 33, 'l', '2018-09-25 02:46:19', '2018-09-25 02:46:19'),
(151, 255, 1, 'l', '2018-09-25 02:50:48', '2018-09-25 02:50:48'),
(152, 254, 1, 'h', '2018-09-25 02:51:08', '2018-09-25 02:51:08'),
(153, 255, 33, 'l', '2018-09-25 02:51:41', '2018-09-25 02:51:41'),
(154, 261, 24, 'l', '2018-09-25 03:26:02', '2018-09-25 03:26:02'),
(155, 260, 17, 'l', '2018-09-25 03:27:09', '2018-09-25 03:27:09'),
(156, 261, 17, 'l', '2018-09-25 03:27:15', '2018-09-25 03:27:15'),
(157, 253, 17, 'l', '2018-09-25 03:27:28', '2018-09-25 03:27:28'),
(158, 252, 3, 'l', '2018-09-26 00:29:21', '2018-09-26 00:29:21'),
(159, 251, 3, 'h', '2018-09-26 00:31:11', '2018-09-26 00:31:11'),
(160, 263, 1, 'l', '2018-09-26 01:37:32', '2018-09-26 01:37:32'),
(161, 262, 1, 'h', '2018-09-26 01:37:48', '2018-09-26 01:37:48'),
(162, 260, 24, 'l', '2018-09-26 05:35:02', '2018-09-26 05:35:02'),
(163, 271, 24, 'l', '2018-09-26 05:52:07', '2018-09-26 05:52:07'),
(164, 252, 24, 'l', '2018-09-26 05:52:49', '2018-09-26 05:52:49'),
(165, 258, 24, 'l', '2018-09-26 05:52:59', '2018-09-26 05:52:59'),
(166, 271, 1, 'l', '2018-09-26 05:53:04', '2018-09-26 05:53:04'),
(167, 266, 35, 'd', '2018-09-26 05:55:29', '2018-09-26 05:55:29'),
(168, 261, 1, 'l', '2018-09-26 05:56:09', '2018-09-26 05:56:09'),
(169, 260, 1, 'l', '2018-09-26 05:56:18', '2018-09-26 05:56:18'),
(170, 305, 1, 'l', '2018-09-26 05:59:48', '2018-09-26 05:59:48'),
(171, 306, 1, 'l', '2018-09-26 05:59:54', '2018-09-26 05:59:54'),
(172, 307, 1, 'l', '2018-09-26 05:59:58', '2018-09-26 05:59:58'),
(173, 318, 1, 'l', '2018-09-27 05:26:30', '2018-09-27 05:26:30'),
(174, 320, 1, 'l', '2018-09-24 05:56:57', '2018-09-24 05:56:57'),
(175, 319, 11, 'h', '2018-09-27 06:31:30', '2018-09-27 06:31:30'),
(176, 317, 11, 'h', '2018-09-27 06:32:14', '2018-09-27 06:32:14'),
(177, 323, 1, 'l', '2018-09-27 07:26:31', '2018-09-27 07:26:31'),
(178, 325, 40, 'l', '2018-09-27 07:58:05', '2018-09-27 07:58:05'),
(179, 325, 1, 's', '2018-09-27 08:00:52', '2018-09-27 08:01:37'),
(180, 326, 40, 'l', '2018-09-27 08:02:16', '2018-09-27 08:02:16');

-- --------------------------------------------------------

--
-- Table structure for table `users`
--

CREATE TABLE `users` (
  `id` int(10) UNSIGNED NOT NULL,
  `name` varchar(191) COLLATE utf8mb4_unicode_ci NOT NULL,
  `email` varchar(191) COLLATE utf8mb4_unicode_ci NOT NULL,
  `email_verified_at` timestamp NULL DEFAULT NULL,
  `password` varchar(191) COLLATE utf8mb4_unicode_ci NOT NULL,
  `remember_token` varchar(100) COLLATE utf8mb4_unicode_ci DEFAULT NULL,
  `created_at` timestamp NULL DEFAULT NULL,
  `updated_at` timestamp NULL DEFAULT NULL
) ENGINE=InnoDB DEFAULT CHARSET=utf8mb4 COLLATE=utf8mb4_unicode_ci;

--
-- Dumping data for table `users`
--

INSERT INTO `users` (`id`, `name`, `email`, `email_verified_at`, `password`, `remember_token`, `created_at`, `updated_at`) VALUES
(1, 'Admin', 'admin@idbbisew.com', NULL, '$2y$10$VyrMxZ3BvmXh9q3qzXMGe.rmjORN1fpk/GgaULSINcNpKDTpqbGIG', 'UpixU99pxKpvRKVlQ3fHtG7EWTx1FeFxOdiKhuxJqHopIh1xs4yuP20jYvfp', '2018-09-09 22:17:28', '2018-09-09 22:17:28'),
(2, 'AR Pavel', 'arpavel@gmail.com', NULL, '$2y$10$2NxoEIfURWKvP9YVUbWl3OsRsFQ56NSC6fLl/W3asPOks.fvDBwsG', 'eHRGDTI0LLWFfIAHYczOxeDbURPzDT1oM1Di7BweTAFbtLHNnQbk2VzsLOl4', '2018-09-10 00:22:30', '2018-09-10 00:22:30'),
(3, 'IDB BISEW', 'idbbisew@idbbisew.com', NULL, '$2y$10$KSv7DP4y2aP7TXOvnEVhP.N51SpjOETxBYtbWtfqisLVShHsN4VUm', '3QyAegfUgC63HoXjm8k7D7MrqxLeMPbAWYYfH7cWFqmOAzyI2s5l1ydIAw5t', '2018-09-10 22:37:39', '2018-09-10 22:37:39'),
(4, 'SOHEL RANA', 'emdsohel@gmail.com', NULL, '$2y$10$.Z9/qdTUr3dSKqmP7VLXQ.YaddidGs9/70SORnl8U5eHCS04izZDG', '7IZPTgOkdHugkaOcNWdDEjJeyH32wm6rohMbQc7MA1KtpP4L0WfTvIfPaXcQ', '2018-09-12 00:11:35', '2018-09-12 00:11:35'),
(5, 'RAZIB', 'razib@gmail.com', NULL, '$2y$10$D062aFhfDoOzOEYfE4JcVOYBQH1qkONXRmrOmS/QXounVIUjyCfgK', 'v5b6Kwg7hmtte7WhirtNNilCRsl1YwFyozzN2i5tP9lGSzAHEO1crY5PzMVO', '2018-09-12 00:11:40', '2018-09-12 00:11:40'),
(6, 'esmail hosen', 'esmail4647@gmail.com', NULL, '$2y$10$X/jy9QdY.JyH/6ORJeL4muTWVY0J.GIyjw5zOW34uCQDiBknMU/pa', NULL, '2018-09-12 00:11:47', '2018-09-12 00:11:47'),
(7, 'Jakir Hossain Sajib', 'jakir@gmail.com', NULL, '$2y$10$8EyNSYQ.TDHp6rL6oXp0Au45vVvDmBDlvljXtZF6eaDocJswqIGi2', 'E2HAJDYBh4M3XeV2mZeD0OxB5PXOlcYApV2g7I7JJXdqymRojV0fpkUaRyQC', '2018-09-12 00:12:06', '2018-09-12 00:12:06'),
(8, 'sayed', 'kazisayed207@gmail.com', NULL, '$2y$10$YXWjD8MTC.1MHgCMpdiVGOnDa6XUDXr15GFe3CwUQ1q.cLsl62G7m', 'mEHlOEfKAfwppITr9FJrHqL82VRTY3Sk8UH08sKcLlv4TKu2YrlXmissLxNk', '2018-09-12 00:12:14', '2018-09-12 00:12:14'),
(9, 'Rustom', 'admin@gmail.com', NULL, '$2y$10$zrh4I9Y/YIrZAxfJd/4.eOKFpvBds5yAP7VIaOOKTqhsTgnVcdb5C', NULL, '2018-09-12 00:12:27', '2018-09-12 00:12:27'),
(10, 'Farhana', 'farhana@gmail.com', NULL, '$2y$10$tvYiuhqnEdnM0VGhUay6auBXj9HdhiyuEfG.I5fzCySPKBdt3ep8q', 'O0w8bRGxR1qBQNgpETmvtrjxQZOKDsiXjndr4AfpYfS34sl0e4PUnTGR2mNA', '2018-09-12 00:12:40', '2018-09-12 00:12:40'),
(11, 'Mithun', 'mithun@mithun.com', NULL, '$2y$10$/JNIElkVWbg9D8kJ2xMRJeOkScSEQbgF1Zyjiu3mduZNKwOv06tJ6', '3u1dblKi24hd2fO155kBZcu1d6yVcrXsYDEPeEmV91BNMJeKKM9mn9Yw14bK', '2018-09-12 00:12:57', '2018-09-12 00:12:57'),
(12, 'Najnur', 'naj@gmail.com', NULL, '$2y$10$sgCwpBn1FBy5ORwU3WOdgO/SsVYMU4LcVCHNugBPwhd1kES4tdqsW', '3gvOO5Yy1HH2GzekCAR3IfBcumxmHgcvL1lau6dvToBPCRx0NACPlseA3N4a', '2018-09-12 00:13:01', '2018-09-12 00:13:01'),
(13, 'Md. Shaheen Parvez', 'shaheen.parvez1@gmail.com', NULL, '$2y$10$m5bITmrEolgc0VxvlZkMMOTq2ULhuAaI5R85nhJYt2j5aGPl/Dcqm', NULL, '2018-09-12 00:13:01', '2018-09-12 00:13:01'),
(14, 'Muhammad Ismail', 'ismail@gmail.com', NULL, '$2y$10$anDS7S4UhMWjneCR7hseBeo5VXVf/2Td0rCTTUnSPqnOtxW1fU9PK', 'kCRQWMsUh9FsmC29p0fA0lbvjzRUPtgt2r6I1XboJyupwHReEGvLrAWS2wV2', '2018-09-12 00:14:33', '2018-09-12 00:14:33'),
(15, 'Hasib', 'hasib1243254@gmail.com', NULL, '$2y$10$6qlDtUBbemhiAYduxcvI4OWWaXHW2UTLgtP9Hyak3dIvJyrkJOe7W', 'RKuAFhSMa4URu5GqG5snm8MhC65JNtGVZsgX6NEhlwPP1taRCEEqzr5kORrA', '2018-09-12 06:40:03', '2018-09-12 06:40:03'),
(16, 'Mohammad Rukunuzzaman', 'afzalhabib73@gmail.com', NULL, '$2y$10$yGL0I5Fqh0a6PburZV0KgOd0DETP8FQD4Yn2v8Zjda6sicRDvhaou', 'i9Nhtx2oSqz6ir3pp8HaOc5XQnEopQjjyCquXpkwF3PJCXe5HRhD0OmfFiuh', '2018-09-12 06:40:16', '2018-09-12 06:40:16'),
(17, 'shofol', 'a@dk.com', NULL, '$2y$10$sYZrUHbL.akhMb1ACitBLuBoVdwS2SAjr.HIafMy7RhZmnvViLB8K', 'riMwDyNLelXylwR6u8ypzd3OPlupzQB0tOuRKnYbNUR5IubYeCuHfEOnYu0M', '2018-09-12 06:40:28', '2018-09-12 06:40:28'),
(18, 'Masum billah', 'masumidb2018@gmail.com', NULL, '$2y$10$rcRxFsG/8v028nxAxOc8SOZ49/8hV9vNjPe/Q4LJfz6kxi7AL3Jyq', NULL, '2018-09-12 06:40:34', '2018-09-12 06:40:34'),
(19, 'Linkon', 'linkonzakir@gmail.com', NULL, '$2y$10$sYZrUHbL.akhMb1ACitBLuBoVdwS2SAjr.HIafMy7RhZmnvViLB8K', NULL, '2018-09-12 06:40:36', '2018-09-12 06:40:36'),
(20, 'Aysha khanom', 'ashamony305@gmail.com', NULL, '$2y$10$Cq/WV.CifnAisZS6..8x4uRfJXgpJTolZwI/D1CJgfmvRNuC5.KdK', NULL, '2018-09-12 06:40:43', '2018-09-12 06:40:43'),
(21, 'Md. Saiful Islam', 'jewel.rana19051992@gmail.com', NULL, '$2y$10$vw8nckL3gl.R4Y8PuHAf2.Yo53P0FNT0CjEzc5cbyMZH.61CtA7Ka', NULL, '2018-09-12 06:40:44', '2018-09-12 06:40:44'),
(22, 'Zahidul', 'mjahid1990@gmail.com', NULL, '$2y$10$qyVQBjAuBQn53IIrkBgFf.hyfjxFU0CKpGclqRBYecBCZxWHAOtvi', 'PqZp6soK5E3UpDYT1rUwmMSt6PmHdkdp8PcuYlRnw97XOcnPGtySx3LNgOtr', '2018-09-12 06:40:53', '2018-09-12 06:40:53'),
(23, 'Sagor', 'jumarbari18@gmail.com', NULL, '$2y$10$9kZzXNC2uog8GNu3qTCENuZrrMnM.2Olmav5DwZQTDLQJfkV6O7pW', NULL, '2018-09-12 06:41:20', '2018-09-12 06:41:20'),
(24, 'Nur-E-Alam TANJIR', 'tanzirnur@gmail.com', NULL, '$2y$10$F9o.pkk/1Ffxbfep7VkCOuoOVzPd2Wx3LJ.RpnavllErl2n9DP/NC', NULL, '2018-09-12 06:43:00', '2018-09-12 06:43:00'),
(25, 'Rustom', 'idbptcc@idb.com', NULL, '$2y$10$csU1c8K7tQCHIaWVxc7hBebmJDlJbyUPpnCGWbwvcZB5sX3XKYDOm', 'ynzRAyfLjl0MpF30nz6Y6JOEdwInzWTGmvuFJ8z7mqJsQ5KNqLydIXYN0X5G', '2018-09-12 22:37:07', '2018-09-12 22:37:07'),
(26, 'Rustom', 'admin1@gmail.com', NULL, '$2y$10$3DKAdvRMV/Savh1Layh0De2ZlUzHlST83BayeD..hZAD5cWkST9lS', NULL, '2018-09-15 00:22:05', '2018-09-15 00:22:05'),
(27, 'Rustom', 'rustom@gmail.com', NULL, '$2y$10$dOYrj1B7ktfsMh2AmfXQyu4H0IwVdPViIndQG8TNMBOBtPwYRiUMS', 'LPt25XV0bcV5RnM9hisb9oCU1LAsbfeEB94yxVmBw6sR5p0sx38u2dNOj1D6', '2018-09-17 01:27:37', '2018-09-17 01:27:37'),
(28, 'sohel rana', 'shiparana@gmail.com', NULL, '$2y$10$7ZcWprmuqtxCen3G8VazAeqjRRr9P6/doqPBTgUFRA/mSG0FUJnv.', 'frecuQwJo52MeHvwTiaziH3WxHU8qQUNF4A2C2EU6EIRF4Ibm95X6Bd6XEHZ', '2018-09-21 23:21:28', '2018-09-21 23:21:28'),
(29, 'Khaled Ahmed', 'khaled@khaled.com', NULL, '$2y$10$muvdhkQc5F8NBlJSDA1AjuV6YJAUnmf3AHrb0i/ZGRZ8gevH/Rsqi', 'zSgIecK1Zomt3FCpLG06cVKqudFnlbRtJ7de2vW9OIiAF3u1t7QgOJ9Qd1OO', '2018-09-22 22:44:55', '2018-09-22 22:44:55'),
(30, 'MD RUSTOM ALI', 'mdrustom172@gmail.com', NULL, '$2y$10$kZtvISJBW98e/TMO7B1xq.QgE/qqvqQwLAUdZsXGA2ESkVByufygq', NULL, '2018-09-23 21:20:07', '2018-09-23 21:20:07'),
(31, 'MAHABUBUR RAHAMN', 'mahbubrahman833@gmail.com', NULL, '$2y$10$8ngbzg6lla/XfouInQDb.OfCV3qmKefDzaBliu58LLBCqB2yFxFJS', NULL, '2018-09-23 23:04:21', '2018-09-23 23:04:21'),
(32, 'asa mamun', 'asamamun@idbbisew.com', NULL, '$2y$10$MeiswP6oVghX77EI2IMbxejN1kqpKdZu.X5xTyqUv5FMCmDCiS5n.', 'oEdTUKt8IeaX1Dgw0v9wEGEcgMVe3ltAbO7lcY6dYd8Myj0JTzQO8v4jsN5U', '2018-09-24 22:21:45', '2018-09-24 22:21:45'),
(33, 'Ahmmad Ali', 'it.ahmmad@gmail.com', NULL, '$2y$10$SBMa37G/ev.PQ0aV1mxFBOSj8CQnbQuPMewyM8CIsKRZEk8n35hHS', '5WswotQX3QfZZl7mPGqsX4VbX1oML50Jme7XzCcIFvIrQ7kmAZy0Qr5Zz7R7', '2018-09-25 02:39:08', '2018-09-25 02:39:08'),
(34, 'masum billah', 'masum01635398508@gmail.com', NULL, '$2y$10$Y3dmIuLA/pqMKje.wRYt.OSydnubDb1Dpn3kuAtdGRdJiRLwypEmy', NULL, '2018-09-25 03:23:59', '2018-09-25 03:23:59'),
(35, 'Sagor', 'sagorgub13@gmail.com', NULL, '$2y$10$SfhIW2PO83Y3B064NSigW.MuSEvWe61ggvKCF2xCvsmLxDBITiT9K', NULL, '2018-09-26 05:36:42', '2018-09-26 05:36:42'),
(36, 'Zahidul Islam', 'easyearnbd2018@gmail.com', NULL, '$2y$10$UUIzxynXDLiI4FSvRCnZRupqhyJxpGZ85byylp1AMHvHBrvP4PiI6', 'rJOniDqjnqPKjf7d8DGaH1aBeGvtGTOevuuRDSzqIatxyg5NrpeURhZzqyJZ', '2018-09-26 05:37:35', '2018-09-26 05:37:35'),
(37, 'MOU', 'mousumiruma910@gmail.com', NULL, '$2y$10$hRB2TpS71JzO/5D95pwP6e0Wz6ob2DyVdROpG4TTF/3CgXrx3ZC1O', NULL, '2018-09-26 05:37:47', '2018-09-26 05:37:47'),
(38, 'Tasnia Sompa', 'tasnia.eco@gmail.com', NULL, '$2y$10$VGZmvq8eXerdoFidYCoiOeamTyB8pcVXfKrRCgVNqLduCEWQTz.iq', NULL, '2018-09-26 05:44:42', '2018-09-26 05:44:42'),
(39, 'Hasib', 'hasib.9437.hu@gmail.com', NULL, '$2y$10$7HP6ffS8bXHr.KX5VpfTv.z1NhkNP7fdVGJom6fZYdKhbWFLhHKBG', NULL, '2018-09-26 05:45:28', '2018-09-26 05:45:28'),
(40, 'Sakib', 'sakib@gmail.com', NULL, '$2y$10$QLjnVJ2BXsTRdL8z1mJZRuGSbhlGLI0Pr/j3rP.4UikKnalblBFCm', 'wxxsHSFxMe64j6oL9f6xteUJ7rD0qEKv0OZzEHbOOaUexXoquWpDc8XV2DVO', '2018-09-27 07:55:07', '2018-09-27 07:55:07');

-- --------------------------------------------------------

--
-- Table structure for table `works`
--

CREATE TABLE `works` (
  `id` int(10) UNSIGNED NOT NULL,
  `company` varchar(191) COLLATE utf8mb4_unicode_ci NOT NULL,
  `designation` varchar(191) COLLATE utf8mb4_unicode_ci NOT NULL,
  `workfrom` date NOT NULL,
  `workto` date NOT NULL,
  `working` tinyint(1) NOT NULL,
  `description` text COLLATE utf8mb4_unicode_ci NOT NULL,
  `city` varchar(191) COLLATE utf8mb4_unicode_ci NOT NULL,
  `user_id` int(10) UNSIGNED DEFAULT NULL,
  `created_at` timestamp NULL DEFAULT NULL,
  `updated_at` timestamp NULL DEFAULT NULL
) ENGINE=InnoDB DEFAULT CHARSET=utf8mb4 COLLATE=utf8mb4_unicode_ci;

--
-- Dumping data for table `works`
--

INSERT INTO `works` (`id`, `company`, `designation`, `workfrom`, `workto`, `working`, `description`, `city`, `user_id`, `created_at`, `updated_at`) VALUES
(1, 'Beximco', 'Software Engineer', '2003-02-03', '2005-08-15', 0, 'At vero eos et accusamus et iusto odio dignissimos ducimus qui blanditiis praesentium voluptatum deleniti atque corrupti quos dolores et quas molestias excepturi sint occaecati cupiditate', 'Gazipur', 1, '2018-09-17 22:37:09', '2018-09-17 22:37:09'),
(2, 'Envato Inc', 'Exclusive Author', '2018-09-01', '2018-09-11', 1, 'At vero eos et accusamus et iusto odio dignissimos ducimus qui blanditiis praesentium voluptatum deleniti atque corrupti quos dolores et quas molestias excepturi sint occaecati cupiditate', 'Melbourne', 1, '2018-09-17 22:42:31', '2018-09-17 22:42:31'),
(3, 'Meghna Jamuna Consultancy', 'Sciener Office Executive', '2009-01-05', '2012-01-04', 1, 'This is Description Area.', 'Dhaka', 11, '2018-09-22 23:00:59', '2018-09-22 23:00:59'),
(4, 'RongDhonuIT', 'Onner', '2017-11-04', '2018-09-11', 1, 'I love my job', 'Natote', 36, '2018-09-26 05:52:49', '2018-09-26 05:52:49');

--
-- Indexes for dumped tables
--

--
-- Indexes for table `activities`
--
ALTER TABLE `activities`
  ADD PRIMARY KEY (`id`),
  ADD KEY `activities_post_id_foreign` (`post_id`),
  ADD KEY `activities_user_id_foreign` (`user_id`);

--
-- Indexes for table `chats`
--
ALTER TABLE `chats`
  ADD PRIMARY KEY (`id`),
  ADD KEY `chats_user_id_foreign` (`user_id`),
  ADD KEY `chats_friends_id_foreign` (`friends_id`);

--
-- Indexes for table `comments`
--
ALTER TABLE `comments`
  ADD PRIMARY KEY (`id`),
  ADD KEY `comments_post_id_foreign` (`post_id`),
  ADD KEY `comments_user_id_foreign` (`user_id`);

--
-- Indexes for table `education`
--
ALTER TABLE `education`
  ADD PRIMARY KEY (`id`),
  ADD KEY `education_user_id_foreign` (`user_id`);

--
-- Indexes for table `friends`
--
ALTER TABLE `friends`
  ADD PRIMARY KEY (`id`),
  ADD KEY `friends_user_id_foreign` (`user_id`),
  ADD KEY `friends_friend_id_foreign` (`friend_id`);

--
-- Indexes for table `interests`
--
ALTER TABLE `interests`
  ADD PRIMARY KEY (`id`),
  ADD KEY `interests_user_id_foreign` (`user_id`);

--
-- Indexes for table `migrations`
--
ALTER TABLE `migrations`
  ADD PRIMARY KEY (`id`);

--
-- Indexes for table `notifications`
--
ALTER TABLE `notifications`
  ADD PRIMARY KEY (`id`),
  ADD KEY `notifications_post_id_foreign` (`post_id`),
  ADD KEY `notifications_user_id_foreign` (`user_id`);

--
-- Indexes for table `password_resets`
--
ALTER TABLE `password_resets`
  ADD KEY `password_resets_email_index` (`email`);

--
-- Indexes for table `pictures`
--
ALTER TABLE `pictures`
  ADD PRIMARY KEY (`id`),
  ADD KEY `pictures_post_id_foreign` (`post_id`);

--
-- Indexes for table `posts`
--
ALTER TABLE `posts`
  ADD PRIMARY KEY (`id`),
  ADD KEY `posts_user_id_foreign` (`user_id`);

--
-- Indexes for table `profiles`
--
ALTER TABLE `profiles`
  ADD PRIMARY KEY (`id`),
  ADD UNIQUE KEY `profiles_u_mail_unique` (`u_mail`),
  ADD KEY `profiles_user_id_foreign` (`user_id`);

--
-- Indexes for table `reactions`
--
ALTER TABLE `reactions`
  ADD PRIMARY KEY (`id`),
  ADD KEY `reactions_post_id_foreign` (`post_id`),
  ADD KEY `reactions_user_id_foreign` (`user_id`);

--
-- Indexes for table `users`
--
ALTER TABLE `users`
  ADD PRIMARY KEY (`id`),
  ADD UNIQUE KEY `users_email_unique` (`email`);

--
-- Indexes for table `works`
--
ALTER TABLE `works`
  ADD PRIMARY KEY (`id`),
  ADD KEY `works_user_id_foreign` (`user_id`);

--
-- AUTO_INCREMENT for dumped tables
--

--
-- AUTO_INCREMENT for table `activities`
--
ALTER TABLE `activities`
  MODIFY `id` int(10) UNSIGNED NOT NULL AUTO_INCREMENT, AUTO_INCREMENT=108;

--
-- AUTO_INCREMENT for table `chats`
--
ALTER TABLE `chats`
  MODIFY `id` int(10) UNSIGNED NOT NULL AUTO_INCREMENT, AUTO_INCREMENT=158;

--
-- AUTO_INCREMENT for table `comments`
--
ALTER TABLE `comments`
  MODIFY `id` int(10) UNSIGNED NOT NULL AUTO_INCREMENT, AUTO_INCREMENT=56;

--
-- AUTO_INCREMENT for table `education`
--
ALTER TABLE `education`
  MODIFY `id` int(10) UNSIGNED NOT NULL AUTO_INCREMENT, AUTO_INCREMENT=6;

--
-- AUTO_INCREMENT for table `friends`
--
ALTER TABLE `friends`
  MODIFY `id` int(10) UNSIGNED NOT NULL AUTO_INCREMENT, AUTO_INCREMENT=134;

--
-- AUTO_INCREMENT for table `interests`
--
ALTER TABLE `interests`
  MODIFY `id` int(10) UNSIGNED NOT NULL AUTO_INCREMENT, AUTO_INCREMENT=13;

--
-- AUTO_INCREMENT for table `migrations`
--
ALTER TABLE `migrations`
  MODIFY `id` int(10) UNSIGNED NOT NULL AUTO_INCREMENT, AUTO_INCREMENT=26;

--
-- AUTO_INCREMENT for table `notifications`
--
ALTER TABLE `notifications`
  MODIFY `id` int(10) UNSIGNED NOT NULL AUTO_INCREMENT;

--
-- AUTO_INCREMENT for table `pictures`
--
ALTER TABLE `pictures`
  MODIFY `id` int(10) UNSIGNED NOT NULL AUTO_INCREMENT, AUTO_INCREMENT=638;

--
-- AUTO_INCREMENT for table `posts`
--
ALTER TABLE `posts`
  MODIFY `id` int(10) UNSIGNED NOT NULL AUTO_INCREMENT, AUTO_INCREMENT=328;

--
-- AUTO_INCREMENT for table `profiles`
--
ALTER TABLE `profiles`
  MODIFY `id` int(10) UNSIGNED NOT NULL AUTO_INCREMENT, AUTO_INCREMENT=31;

--
-- AUTO_INCREMENT for table `reactions`
--
ALTER TABLE `reactions`
  MODIFY `id` int(10) UNSIGNED NOT NULL AUTO_INCREMENT, AUTO_INCREMENT=181;

--
-- AUTO_INCREMENT for table `users`
--
ALTER TABLE `users`
  MODIFY `id` int(10) UNSIGNED NOT NULL AUTO_INCREMENT, AUTO_INCREMENT=41;

--
-- AUTO_INCREMENT for table `works`
--
ALTER TABLE `works`
  MODIFY `id` int(10) UNSIGNED NOT NULL AUTO_INCREMENT, AUTO_INCREMENT=5;

--
-- Constraints for dumped tables
--

--
-- Constraints for table `activities`
--
ALTER TABLE `activities`
  ADD CONSTRAINT `activities_post_id_foreign` FOREIGN KEY (`post_id`) REFERENCES `posts` (`id`) ON DELETE CASCADE,
  ADD CONSTRAINT `activities_user_id_foreign` FOREIGN KEY (`user_id`) REFERENCES `users` (`id`) ON DELETE CASCADE;

--
-- Constraints for table `chats`
--
ALTER TABLE `chats`
  ADD CONSTRAINT `chats_friends_id_foreign` FOREIGN KEY (`friends_id`) REFERENCES `users` (`id`) ON DELETE CASCADE,
  ADD CONSTRAINT `chats_user_id_foreign` FOREIGN KEY (`user_id`) REFERENCES `users` (`id`) ON DELETE CASCADE;

--
-- Constraints for table `comments`
--
ALTER TABLE `comments`
  ADD CONSTRAINT `comments_post_id_foreign` FOREIGN KEY (`post_id`) REFERENCES `posts` (`id`) ON DELETE CASCADE,
  ADD CONSTRAINT `comments_user_id_foreign` FOREIGN KEY (`user_id`) REFERENCES `users` (`id`) ON DELETE CASCADE;

--
-- Constraints for table `education`
--
ALTER TABLE `education`
  ADD CONSTRAINT `education_user_id_foreign` FOREIGN KEY (`user_id`) REFERENCES `users` (`id`) ON DELETE CASCADE;

--
-- Constraints for table `friends`
--
ALTER TABLE `friends`
  ADD CONSTRAINT `friends_friend_id_foreign` FOREIGN KEY (`friend_id`) REFERENCES `users` (`id`) ON DELETE CASCADE,
  ADD CONSTRAINT `friends_user_id_foreign` FOREIGN KEY (`user_id`) REFERENCES `users` (`id`) ON DELETE CASCADE;

--
-- Constraints for table `interests`
--
ALTER TABLE `interests`
  ADD CONSTRAINT `interests_user_id_foreign` FOREIGN KEY (`user_id`) REFERENCES `users` (`id`) ON DELETE CASCADE;

--
-- Constraints for table `notifications`
--
ALTER TABLE `notifications`
  ADD CONSTRAINT `notifications_post_id_foreign` FOREIGN KEY (`post_id`) REFERENCES `posts` (`id`) ON DELETE CASCADE,
  ADD CONSTRAINT `notifications_user_id_foreign` FOREIGN KEY (`user_id`) REFERENCES `users` (`id`) ON DELETE CASCADE;

--
-- Constraints for table `pictures`
--
ALTER TABLE `pictures`
  ADD CONSTRAINT `pictures_post_id_foreign` FOREIGN KEY (`post_id`) REFERENCES `posts` (`id`) ON DELETE CASCADE;

--
-- Constraints for table `posts`
--
ALTER TABLE `posts`
  ADD CONSTRAINT `posts_user_id_foreign` FOREIGN KEY (`user_id`) REFERENCES `users` (`id`) ON DELETE CASCADE;

--
-- Constraints for table `profiles`
--
ALTER TABLE `profiles`
  ADD CONSTRAINT `profiles_user_id_foreign` FOREIGN KEY (`user_id`) REFERENCES `users` (`id`) ON DELETE CASCADE;

--
-- Constraints for table `reactions`
--
ALTER TABLE `reactions`
  ADD CONSTRAINT `reactions_post_id_foreign` FOREIGN KEY (`post_id`) REFERENCES `posts` (`id`) ON DELETE CASCADE,
  ADD CONSTRAINT `reactions_user_id_foreign` FOREIGN KEY (`user_id`) REFERENCES `users` (`id`) ON DELETE CASCADE;

--
-- Constraints for table `works`
--
ALTER TABLE `works`
  ADD CONSTRAINT `works_user_id_foreign` FOREIGN KEY (`user_id`) REFERENCES `users` (`id`) ON DELETE CASCADE;
COMMIT;

/*!40101 SET CHARACTER_SET_CLIENT=@OLD_CHARACTER_SET_CLIENT */;
/*!40101 SET CHARACTER_SET_RESULTS=@OLD_CHARACTER_SET_RESULTS */;
/*!40101 SET COLLATION_CONNECTION=@OLD_COLLATION_CONNECTION */;
